,StationName,WaterYear,pH,Hydrogen,Calcium,Magnesium,Sodium,Potassium,Ammonium,Chloride,Sulfate,Nitrate,Dissolved_organic_carbon,Snow_depth
2,APGAR LOOKOUT MT,1996,5.2,6.3,<3.1,<1.7,4.3,3.8,1.9,<1.1,2.5,5.2,1.1,160.0
3,APGAR LOOKOUT MT,1997,5.0,10.0,<3.1,<1.7,,1,2.3,1.4,5.2,4.9,1.1,254.0
4,APGAR LOOKOUT MT,1998,5.0,10.0,2.5,0.8,2.2,<0.5,6,1.4,6,6.9,0.7,145.0
5,APGAR LOOKOUT MT,1999,5.3,5.0,2.5,0.8,2,0.6,5.4,1.4,4.6,5.3,0.4,183.0
6,APGAR LOOKOUT MT,2000,5.1,7.9,1.5,0.8,<1,<0.4,4.4,<0.6,4.8,6.7,0.41,180.0
7,APGAR LOOKOUT MT,2002,5.2,6.3,1.5,0.8,<1,<0.4,5.4,1.1,3.3,6.9,0.55,142.0
8,APGAR LOOKOUT MT,2003,5.0,10.0,3,0.8,1.2,<0.4,6.9,1.1,4.4,6.9,0.51,173.0
9,APGAR LOOKOUT MT,2004,5.1,7.9,2.6,0.4,1.4,<0.4,5,2,4.2,7.6,0.56,178.0
10,APGAR LOOKOUT MT,2006,5.4,4.0,<0.4,<0.2,1.5,<0.4,5.3,1.7,3.5,5.8,0.43,183.0
11,APGAR LOOKOUT MT,2007,5.2,6.3,3.9,0.7,1.4,0.6,4.7,1.4,4,6.4,0.35,152.0
12,APGAR LOOKOUT MT,2008,5.3,5.0,4.5,0.8,1.8,0.6,6.3,1.4,4.4,5.9,0.35,208.0
13,APGAR LOOKOUT MT,2009,5.5,3.2,3,0.8,<1,0.4,3.2,0.6,2.5,4.6,0.81,170.0
14,APGAR LOOKOUT MT,2010,5.2,6.3,2.5,0.8,<1,0.5,6.3,0.6,3.1,6.6,0.45,165.0
15,APGAR LOOKOUT MT,2011,5.2,6.3,2,0.5,1.1,<0.4,4.5,<0.6,3.5,5.9,0.44,259.0
16,APGAR LOOKOUT MT,2012,4.9,12.6,3,<1.6,2.2,<0.5,6,2.2,4,5.4,0.4,218.0
17,APGAR LOOKOUT MT,2013,5.1,7.9,2.5,<1.6,1.3,0.5,6.4,1.7,2.9,5.7,0.5,185.0
18,APGAR LOOKOUT MT,2014,5.8,1.6,2,<0.8,1.2,<0.3,5.4,0.8,2.9,4.3,0.32,198.0
19,APGAR LOOKOUT MT,2015,,,,,,,,,,,,81.0
20,APGAR LOOKOUT MT,2016,5.4,4.0,0.5,<0.2,0.9,0.3,2.9,0.6,1,2.9,<0.2,112.0
21,APGAR LOOKOUT MT,2017,5.4,4.0,2,<0.2,1.3,0.3,4.6,1.1,2.7,5.9,0.3,206.0
22,APGAR LOOKOUT MT,2018,5.5,3.2,2.2,0.7,1.5,0.4,4.5,1.4,2.3,5.3,0.33,267.0
53,BERTHOUD PASS CO,1993,5.0,10.0,3.7,<1.7,<3,<0.5,3.2,1.1,6.2,7.9,0.4,239.0
54,BERTHOUD PASS CO,1994,4.9,12.6,4.5,<1.7,<3,<0.5,2.5,1.7,4.6,9.1,0.3,185.0
55,BERTHOUD PASS CO,1995,5.2,6.3,<3.1,<1.7,3.9,<0.5,2.9,1.7,4.4,7,0.4,145.0
56,BERTHOUD PASS CO,1996,5.2,6.3,3.6,<1.7,2.2,0.5,1.5,1.1,4.4,6.8,0.5,213.0
57,BERTHOUD PASS CO,1997,5.1,7.9,5.7,<1.7,,1,3,1.7,5.4,7.9,0.9,221.0
58,BERTHOUD PASS CO,1998,5.1,7.9,5.5,0.8,4.8,0.8,3.5,5.1,5.6,8.9,0.8,196.0
59,BERTHOUD PASS CO,1999,5.3,5.0,11,2.5,3.9,2.4,4.4,3.4,5.6,10.5,1.8,170.0
60,BERTHOUD PASS CO,2000,5.1,7.9,5.5,1.6,8.3,1.2,4.4,7.6,5.2,9,0.75,193.0
61,BERTHOUD PASS CO,2001,5.1,7.9,5.7,1.1,3.1,1.6,4,2.3,6,12.2,0.9,190.0
62,BERTHOUD PASS CO,2002,5.2,6.3,10.5,1.6,2.4,0.8,3.7,2.8,4.8,13.4,0.61,130.0
63,BERTHOUD PASS CO,2003,5.3,5.0,9,4.9,4.6,3.1,6.2,4.2,4.2,10.6,1.65,198.0
64,BERTHOUD PASS CO,2004,5.3,5.0,6.2,1.3,1,0.9,5.7,1.4,4.4,9.7,0.67,165.0
65,BERTHOUD PASS CO,2005,5.2,6.3,7.5,0.8,5.1,0.9,5.7,3.9,6,11.1,0.49,203.0
66,BERTHOUD PASS CO,2006,6.5,0.3,36.9,2.5,3.3,0.8,3.2,2.8,5.6,8.6,,201.0
67,BERTHOUD PASS CO,2007,5.3,5.0,6.2,1.2,2.3,1.5,1.3,2.5,3.7,8.1,0.74,173.0
68,BERTHOUD PASS CO,2008,5.1,7.9,14.4,2.5,3.1,2.3,2.7,2.8,4.8,9.7,0.84,203.0
69,BERTHOUD PASS CO,2009,6.4,0.4,31.9,2.5,3.2,2.7,<1,2.5,7.1,7.5,1.17,188.0
70,BERTHOUD PASS CO,2010,5.7,2.0,15.9,3.3,4.2,1.7,5.5,3.7,5.2,11.1,1.11,168.0
71,BERTHOUD PASS CO,2011,5.5,3.2,7,1.4,1.7,1.6,2.2,1.4,3.1,6.3,1.27,206.0
72,BERTHOUD PASS CO,2012,5.3,5.0,16,3.3,7,1.3,3.7,5.6,6.7,7.3,0.8,117.0
73,BERTHOUD PASS CO,2013,5.5,3.2,13.5,3.3,2.6,2,6.4,2.8,5.8,9.3,1,165.0
74,BERTHOUD PASS CO,2014,6.5,0.3,18.5,3.3,2,6.8,14.4,2.3,4.6,6.9,1.7,218.0
75,BERTHOUD PASS CO,2015,5.5,3.2,5.5,1.1,1.5,0.7,3.4,1.4,2.7,5.4,0.69,160.0
76,BERTHOUD PASS CO,2016,5.5,3.2,9,1.6,3,2.1,<1,2.5,3.1,3.5,1.42,188.0
77,BERTHOUD PASS CO,2017,5.8,1.6,7,0.8,3.9,1,3.7,3.7,3.7,6.1,0.75,180.0
78,BERTHOUD PASS CO,2018,6.0,1.0,10.8,2.6,3.2,2.1,6.2,2.5,4.2,6.4,0.86,226.0
79,BIG MOUNTAIN MT,1993,5.1,7.9,<3.1,<1.7,<3,<0.5,3.2,<1.1,5.4,5.3,0.3,208.0
80,BIG MOUNTAIN MT,1994,5.0,10.0,<3.1,<1.7,<3,<0.5,3.9,<1.1,4.8,6.2,0.6,229.0
81,BIG MOUNTAIN MT,1995,5.2,6.3,<3.1,<1.7,<3,0.5,3.3,<1.1,3.7,4.4,0.7,267.0
82,BIG MOUNTAIN MT,1996,5.2,6.3,<3.1,<1.7,<0.9,0.5,2.2,<1.1,2.9,3.1,0.6,287.0
83,BIG MOUNTAIN MT,1997,5.0,10.0,<3.1,<1.7,,<0.5,2,<1.1,3.7,4.6,,366.0
84,BIG MOUNTAIN MT,1998,5.1,7.9,2,<0.2,1.3,<0.5,3,1.1,3.5,5.1,0.5,231.0
85,BIG MOUNTAIN MT,1999,5.2,6.3,1,<0.2,<1,<0.4,4,0.8,3.3,3.7,0.3,366.0
86,BIG MOUNTAIN MT,2000,5.2,6.3,1,0.8,<1,<0.4,2.4,<0.6,3.1,4.9,0.5,267.0
87,BIG MOUNTAIN MT,2001,5.0,10.0,2,0.8,1.5,<0.4,4.3,<0.6,6,8.4,0.5,132.0
88,BIG MOUNTAIN MT,2002,5.3,5.0,1.5,<0.2,5.4,<0.4,4.9,0.6,2.7,4.9,0.36,297.0
89,BIG MOUNTAIN MT,2003,5.2,6.3,2.5,0.8,1.1,<0.4,4,0.8,2.7,4.6,0.4,259.0
90,BIG MOUNTAIN MT,2004,5.1,7.9,0.7,0.2,<1,1.2,3.3,1.4,3.5,5.3,0.62,251.0
91,BIG MOUNTAIN MT,2005,5.1,7.9,<0.4,<0.2,<1,<0.4,3,1.1,3.5,5.5,0.23,160.0
92,BIG MOUNTAIN MT,2006,5.3,5.0,<0.4,<0.2,<1,<0.4,2.8,1.4,2.3,3.8,0.21,305.0
93,BIG MOUNTAIN MT,2007,5.2,6.3,1.7,0.4,1.4,<0.4,2.2,1.4,3.1,4.1,0.29,259.0
94,BIG MOUNTAIN MT,2008,5.1,7.9,4,<0.2,<1,<0.4,2.2,0.6,2.5,4,0.25,297.0
95,BIG MOUNTAIN MT,2009,5.3,5.0,<0.4,<0.2,<1,<0.4,2.4,<0.6,2.3,3.1,0.22,239.0
96,BIG MOUNTAIN MT,2010,5.3,5.0,1.5,0.8,1.1,0.6,4,0.8,2.9,4.1,0.48,196.0
97,BIG MOUNTAIN MT,2011,5.2,6.3,0.9,0.2,<1,<0.4,2.4,<0.6,2.5,3.4,0.24,315.0
98,BIG MOUNTAIN MT,2012,4.7,20.0,2,<1.6,1.3,<0.5,4.7,1.1,2.9,3.9,0.2,264.0
99,BIG MOUNTAIN MT,2013,5.0,10.0,3.5,<1.6,<0.9,<0.5,3.5,0.8,2.7,4.3,0.2,254.0
100,BIG MOUNTAIN MT,2014,5.5,3.2,1.5,<0.8,0.7,<0.3,2.6,0.5,2.3,3.7,0.3,254.0
101,BIG MOUNTAIN MT,2015,5.4,4.0,0.7,0.2,0.4,0.2,2.2,<0.6,1.5,2.5,<0.2,196.0
102,BIG MOUNTAIN MT,2016,5.3,5.0,0.5,<0.2,0.9,0.4,2.4,<0.6,1.5,2.5,0.31,269.0
103,BIG MOUNTAIN MT,2017,5.3,5.0,0.5,<0.2,0.9,0.3,2.6,0.8,2.5,3.5,0.28,312.0
104,BIG MOUNTAIN MT,2018,5.4,4.0,1.4,0.6,1,0.2,2.7,0.8,1.9,3.4,0.37,297.0
105,BIG SKY MT,1993,5.4,4.0,5.1,<1.7,4.3,0.5,5.4,1.1,6.7,7.6,0.5,137.0
106,BIG SKY MT,1994,5.8,1.6,8.1,<1.7,4.8,0.8,6,1.7,7.3,6.9,0.7,173.0
107,BIG SKY MT,1995,5.4,4.0,4.5,<1.7,<3,0.5,4.4,<1.1,4.2,5.1,0.7,196.0
108,BIG SKY MT,1996,5.6,2.5,4.3,<1.7,<0.9,1.3,2.3,<1.1,3.3,5.2,0.5,257.0
109,BIG SKY MT,1997,5.4,4.0,<3.1,<1.7,,<0.5,2.4,<1.1,2.1,3.4,0.6,188.0
110,BIG SKY MT,1998,5.2,6.3,3.5,0.8,0.9,<0.5,3.7,0.8,3.5,5.6,0.7,127.0
111,BIG SKY MT,1999,5.5,3.2,5.5,0.8,<1,<0.4,4.2,1.4,3.3,5.4,0.3,239.0
112,BIG SKY MT,2000,5.5,3.2,5,1.6,<1,0.7,4,<0.6,2.5,4.6,0.6,119.0
113,BIG SKY MT,2001,5.4,4.0,4,0.8,<1,0.5,4.2,<0.6,4.4,6.6,0.5,124.0
114,BIG SKY MT,2002,5.5,3.2,5,0.8,<1,0.5,4.5,0.6,2.9,4.7,0.62,119.0
115,BIG SKY MT,2003,5.7,2.0,9.5,2.5,4.8,0.8,4.7,3.1,3.7,4.9,0.54,178.0
116,BIG SKY MT,2004,5.4,4.0,2.7,0.4,<1,<0.4,3,0.6,2.9,4.4,0.28,76.0
117,BIG SKY MT,2005,5.5,3.2,9,1.6,<1,0.7,4.7,2.5,3.1,6,0.31,58.0
118,BIG SKY MT,2006,5.9,1.3,7,1.6,3.5,0.7,5.7,3.4,5,4.6,0.51,150.0
119,BIG SKY MT,2007,5.6,2.5,4.5,0.7,<1,0.6,3.7,0.8,2.7,3.8,0.37,114.0
120,BIG SKY MT,2008,5.9,1.3,13.4,1.6,1.3,0.8,8,1.1,5.2,7.2,0.5,150.0
121,BIG SKY MT,2009,5.7,2.0,4.5,0.8,2.2,0.7,4.2,0.8,2.7,4.6,0.77,102.0
122,BIG SKY MT,2010,5.5,3.2,5.5,1.6,2.6,2.3,4.8,3.1,3.7,6.3,0.59,165.0
123,BIG SKY MT,2011,5.8,1.6,8,1.6,5.4,0.7,3.4,4.2,3.5,4,0.66,264.0
124,BIG SKY MT,2012,5.1,7.9,6.5,<1.6,1.3,0.8,6.2,1.4,2.5,3,0.4,249.0
125,BIG SKY MT,2013,5.4,4.0,8.5,<1.6,2.6,0.5,6.4,3.1,3.1,5.7,0.5,147.0
126,BIG SKY MT,2014,6.0,1.0,7,1.6,4.3,0.6,3.2,4.3,2.3,3.4,0.35,259.0
127,BIG SKY MT,2015,5.8,1.6,7.8,1.9,5,0.9,4.4,2.5,4.6,3.9,0.57,147.0
128,BIG SKY MT,2016,5.6,2.5,4,0.8,1.3,0.6,4.8,<0.6,1.9,3.6,0.42,130.0
129,BIG SKY MT,2017,5.6,2.5,5,0.8,2.6,0.4,3.7,1.4,2.9,3.4,0.32,132.0
130,BIG SKY MT,2018,5.7,2.0,5.2,1.3,1.1,0.7,5.8,0.8,2.3,4,0.68,175.0
140,BROOKLYN LAKE WY,1993,5.0,10.0,3.9,<1.7,<3,<0.5,3.5,1.1,8.7,7.5,0.5,178.0
141,BROOKLYN LAKE WY,1994,5.2,6.3,13.9,3.3,4.8,1.8,5.4,1.1,9.2,9.4,0.9,394.0
142,BROOKLYN LAKE WY,1994,5.2,6.3,7,2,<3,1.3,5.4,1.7,11,14.1,1.4,216.0
143,BROOKLYN LAKE WY,1995,5.0,10.0,6.5,<1.7,<3,0.8,5.2,1.1,8.7,9.7,1.2,173.0
144,BROOKLYN LAKE WY,1996,5.2,6.3,5.5,<1.7,1.3,0.8,3.2,1.1,6.7,9.2,0.8,218.0
145,BROOKLYN LAKE WY,1997,4.9,12.6,5.1,<1.7,,1,2.7,<1.1,7.3,9.3,1,221.0
146,BROOKLYN LAKE WY,1998,5.0,10.0,6,1.6,1.3,1.3,4.4,1.4,8.1,11.6,0.7,229.0
147,BROOKLYN LAKE WY,1999,5.2,6.3,8,1.6,1.7,0.5,4.9,1.7,7.3,9.9,0.4,239.0
148,BROOKLYN LAKE WY,2000,4.9,12.6,5,1.6,1.1,<0.4,3.9,0.6,5.8,8.5,0.41,224.0
149,BROOKLYN LAKE WY,2001,5.5,3.2,7.3,1.2,1.6,1.1,4.5,<0.6,6,10.8,0.9,165.0
150,BROOKLYN LAKE WY,2002,6.0,1.0,24.4,4.9,5.5,2.3,4.3,1.4,11.9,13.5,1.55,170.0
151,BROOKLYN LAKE WY,2003,5.6,2.5,15.9,4,4,1.8,7.9,2,10.2,11.3,1.42,157.0
152,BROOKLYN LAKE WY,2004,5.2,6.3,13,3.5,1,5.1,6.4,1.7,9.8,12.4,1.47,147.0
153,BROOKLYN LAKE WY,2005,5.4,4.0,6.5,0.8,1.5,0.7,4.9,<0.6,6,6.7,0.31,188.0
154,BROOKLYN LAKE WY,2006,5.4,4.0,7.5,1.6,2.3,1.5,5,1.4,7.9,9.9,0.98,231.0
155,BROOKLYN LAKE WY,2007,5.7,2.0,12.4,3.4,1.6,5.1,<1,1.7,7.5,8.5,1.52,152.0
156,BROOKLYN LAKE WY,2008,5.3,5.0,10.5,1.6,2.4,0.8,4,2.3,6.9,9.8,0.67,236.0
157,BROOKLYN LAKE WY,2009,6.0,1.0,12.9,2.5,2.7,1.3,5.4,1.1,6.2,7.1,0.86,244.0
158,BROOKLYN LAKE WY,2010,5.2,6.3,5.5,1.6,1.1,0.9,6.2,0.6,5.2,7.2,0.74,246.0
159,BROOKLYN LAKE WY,2011,5.5,3.2,9.8,2.1,1.7,1.6,4.4,0.8,5.2,6.7,1.14,290.0
160,BROOKLYN LAKE WY,2012,5.4,4.0,21.5,4.9,5.2,2.8,3.7,3.2,7.7,6.8,1.4,155.0
161,BROOKLYN LAKE WY,2013,5.6,2.5,16.5,3.3,2.6,2.6,8.6,1.7,7.9,8.6,1.2,173.0
162,BROOKLYN LAKE WY,2014,5.9,1.3,9.5,2.5,2.1,1.6,6.5,1.4,5.8,6.6,0.72,274.0
163,BROOKLYN LAKE WY,2015,5.8,1.6,7.8,1.6,1.5,0.9,5.8,1.1,4.6,6.2,0.52,185.0
164,BROOKLYN LAKE WY,2016,5.7,2.0,11,1.6,2.6,1.7,4.9,1.1,4.6,6,0.69,201.0
165,BROOKLYN LAKE WY,2017,5.6,2.5,14.4,3.3,1.7,2.5,4.8,1.4,5,6.8,1.83,178.0
166,BROOKLYN LAKE WY,2018,6.0,1.0,11.4,2.4,3.5,1.2,7.8,2,5.6,5.8,0.54,226.0
167,BRUMLEY CO,1993,5.2,6.3,3.5,<1.7,<3,0.5,2.2,<1.1,6.2,5.6,0.3,142.0
168,BRUMLEY CO,1994,5.2,6.3,9.5,<1.7,<3,1,4.3,2,5.4,10.2,0.7,97.0
169,BRUMLEY CO,1995,5.2,6.3,3.5,<1.7,<3,<0.5,2.5,<1.1,2.9,6.1,0.8,135.0
170,BRUMLEY CO,1996,5.4,4.0,7,<1.7,<0.9,1.5,1.7,<1.1,4.6,6.6,0.6,137.0
171,BRUMLEY CO,1997,5.2,6.3,3.7,<1.7,,0.5,1.3,<1.1,4,7.1,0.8,89.0
172,BRUMLEY CO,1998,4.9,12.6,3,0.8,1.3,<0.5,2.7,0.8,5.4,8.4,0.3,84.0
173,BRUMLEY CO,1999,5.4,4.0,10.5,1.6,1.5,0.9,3.7,1.4,5.4,10.4,0.5,97.0
174,BRUMLEY CO,2000,5.1,7.9,5.5,1.6,<1,2,3.9,<0.6,5.2,8.6,0.8,89.0
175,BRUMLEY CO,2001,5.2,6.3,12,2.5,5.2,1.4,14.6,1.1,13.7,15.2,1,109.0
176,BRUMLEY CO,2002,6.4,0.4,31.9,9.8,1.2,7.2,<1,1.7,5.8,10.5,3.47,66.0
177,BRUMLEY CO,2003,5.2,6.3,8,2.5,1,2.9,4.3,1.4,4.2,9.5,2.17,114.0
178,BRUMLEY CO,2004,5.1,7.9,8.4,2.2,<1,6.6,4.5,3.1,5,11.4,2.07,79.0
179,BRUMLEY CO,2005,5.3,5.0,5.5,0.8,1.3,0.5,2.7,<0.6,3.5,6.8,<0.2,130.0
180,BRUMLEY CO,2006,5.9,1.3,9,0.8,1.2,<0.4,3,0.8,4.4,8.2,0.27,150.0
181,BRUMLEY CO,2007,5.6,2.5,17.8,2,3.6,1.7,3.8,1.4,8.3,10.5,0.69,122.0
182,BRUMLEY CO,2008,5.1,7.9,12,1.6,3.1,0.6,2.4,1.7,4.2,7.3,0.32,165.0
183,BRUMLEY CO,2009,6.2,0.6,19.9,2.5,2.2,1.2,2.9,1.1,4.8,7.3,0.77,124.0
184,BRUMLEY CO,2010,5.2,6.3,5.5,1.6,<1,0.6,3.5,<0.6,3.1,8.1,0.38,127.0
185,BRUMLEY CO,2011,5.8,1.6,10.4,1.6,1.4,0.7,3.2,<0.6,3.3,6.4,0.5,140.0
186,BRUMLEY CO,2012,5.3,5.0,19,4.1,3.9,1.3,4,3.2,4.4,6.8,0.9,99.0
187,BRUMLEY CO,2013,5.5,3.2,12.5,2.5,1.7,0.8,4.3,2,4.4,7.9,0.4,102.0
188,BRUMLEY CO,2014,6.1,0.8,13,2.5,2.8,0.6,3.9,1.3,4.8,6.2,0.34,157.0
189,BRUMLEY CO,2015,5.5,3.2,4.2,0.8,1,0.2,3.5,0.6,2.5,5.1,<0.2,112.0
190,BRUMLEY CO,2016,5.9,1.3,9,1.6,1.7,0.9,3.3,0.8,2.7,4.6,0.22,117.0
191,BRUMLEY CO,2017,5.6,2.5,3.5,0.8,0.4,0.4,2.1,0.6,1.7,3.9,0.39,104.0
192,BRUMLEY CO,2018,6.2,0.6,15.7,2.9,2,1,4.8,1.7,3.5,6.8,0.52,97.0
193,BUFFALO PASS CO,1993,4.8,15.8,<0.4,<0.2,1.7,<0.4,3.9,<1.1,11.5,8.4,<0.4,325.0
194,BUFFALO PASS CO,1994,4.8,15.8,10,2.2,2,<0.4,10.9,1.4,19.8,17.3,0.6,259.0
195,BUFFALO PASS CO,1995,4.9,12.6,5,<0.2,1,<0.4,5.8,1.4,12.1,10.8,0.6,279.0
196,BUFFALO PASS CO,1996,5.0,10.0,5.8,<1.7,1.3,1,3.7,<1.1,9,10.3,0.7,300.0
197,BUFFALO PASS CO,1997,5.9,1.3,4.7,1.8,,<0.5,2.7,<1.1,9.8,7.1,0.8,432.0
198,BUFFALO PASS CO,1998,4.7,20.0,3.5,0.8,0.4,<0.5,4.7,0.8,11,11,0.7,343.0
199,BUFFALO PASS CO,1999,5.2,6.3,12.9,1.6,2.5,0.5,5.4,1.7,12.1,12.4,0.3,340.0
200,BUFFALO PASS CO,2000,4.9,12.6,7,1.6,1.3,0.9,5.5,<0.6,9.8,8.1,0.38,338.0
201,BUFFALO PASS CO,2001,5.0,10.0,7,1.6,2.7,0.5,6.5,<0.6,11.2,13.1,,310.0
202,BUFFALO PASS CO,2002,5.2,6.3,11.5,2.5,1.8,0.7,5.8,1.1,9.4,15.2,0.53,259.0
203,BUFFALO PASS CO,2003,5.8,1.6,19.4,4,2.9,1,7.5,1.4,11,13.1,0.52,376.0
204,BUFFALO PASS CO,2004,5.0,10.0,6.4,1.2,<1,1.4,6.5,1.7,9.4,11.9,0.8,279.0
205,BUFFALO PASS CO,2005,5.1,7.9,4.5,0.8,1.1,0.7,4.8,0.6,7.1,7.9,0.21,351.0
206,BUFFALO PASS CO,2006,5.1,7.9,5,0.8,1.3,0.6,5,1.1,7.7,11.5,0.5,358.0
207,BUFFALO PASS CO,2007,5.2,6.3,8.6,1.9,1.2,1.5,5.2,1.1,8.7,11.5,0.64,290.0
208,BUFFALO PASS CO,2008,5.1,7.9,11,1.6,2.3,0.6,4.2,1.1,6.9,10.2,0.39,384.0
209,BUFFALO PASS CO,2009,6.1,0.8,19.4,1.6,2.1,0.6,4.9,1.1,6.9,8.4,0.63,427.0
210,BUFFALO PASS CO,2010,5.2,6.3,8.5,1.6,1.6,0.5,5.5,1.1,6.9,9.4,0.4,358.0
211,BUFFALO PASS CO,2011,5.2,6.3,2.5,0.6,<1,<0.4,2.9,<0.6,2.7,5.3,<0.2,470.0
212,BUFFALO PASS CO,2012,5.1,7.9,12,2.5,2.6,1.3,6.5,2.1,7.5,9,0.6,226.0
213,BUFFALO PASS CO,2013,5.2,6.3,14,3.3,1.7,1.3,7.9,1.7,7.5,10,0.7,277.0
214,BUFFALO PASS CO,2014,5.7,2.0,12.5,2.5,2.6,0.8,6.9,1.5,7.3,8.9,0.35,493.0
215,BUFFALO PASS CO,2015,5.4,4.0,7.1,1.7,2,0.4,6.9,1.1,6.5,8.1,0.32,318.0
216,BUFFALO PASS CO,2016,5.5,3.2,6,0.8,1.3,0.5,6.4,1.1,5.6,6.4,<0.2,348.0
217,BUFFALO PASS CO,2017,5.8,1.6,4.4,1.1,0.8,1.3,4.4,1.1,5.2,5.9,0.28,310.0
218,BUFFALO PASS CO,2018,6.0,1.0,12.8,2.6,4.7,1.2,7.9,2.5,7.1,6.8,0.61,315.0
220,CAMERON PASS CO,1993,5.0,10.0,4.7,<1.7,<3,1,3.9,2,9,7.3,0.6,259.0
221,CAMERON PASS CO,1994,5.0,10.0,6.1,<1.7,<3,1,4.7,1.1,7.9,9.3,0.6,213.0
222,CAMERON PASS CO,1995,5.0,10.0,6.9,<1.7,3.9,1.3,4.7,3.1,8.3,12.8,1.4,170.0
223,CAMERON PASS CO,1996,5.2,6.3,4.6,<1.7,1.3,1.3,2.6,1.1,6,6.1,1.3,206.0
224,CAMERON PASS CO,1997,4.9,12.6,3.7,<1.7,,<0.5,2.3,1.4,6,9.3,0.6,190.0
225,CAMERON PASS CO,1998,4.9,12.6,5.5,0.8,2.2,0.5,4,2,8.7,10.8,0.8,165.0
226,CAMERON PASS CO,1999,5.4,4.0,14.4,2.5,3.9,1.3,4.9,3.1,9.4,11.1,0.7,173.0
227,CAMERON PASS CO,2000,5.0,10.0,5,1.6,1,0.9,5.2,0.8,6.5,8.7,0.71,201.0
228,CAMERON PASS CO,2001,5.2,6.3,6,0.8,2,0.6,6.4,<0.6,8.1,11.8,0.56,147.0
229,CAMERON PASS CO,2002,5.3,5.0,11,2.5,3.6,0.8,4,1.7,8.1,12.6,0.67,122.0
230,CAMERON PASS CO,2003,5.1,7.9,5.5,2.5,1.3,0.8,4.2,0.8,6,8.9,0.5,231.0
231,CAMERON PASS CO,2004,5.0,10.0,5.8,1,2.1,2,4.9,2.8,6.7,11.9,1.01,132.0
232,CAMERON PASS CO,2005,5.3,5.0,7,1.6,2.1,2,5.5,1.4,6.5,7.9,0.67,188.0
233,CAMERON PASS CO,2006,5.1,7.9,5,0.8,3.5,0.5,4.4,3.7,6.2,9,0.4,201.0
234,CAMERON PASS CO,2007,5.3,5.0,8.8,1.6,12.8,1.7,3.2,13.3,5,8.7,0.61,178.0
235,CAMERON PASS CO,2008,5.0,10.0,9,0.8,6.3,1.6,3.5,6.8,4.2,8.2,0.73,168.0
236,CAMERON PASS CO,2009,5.8,1.6,11,1.6,5.3,1.3,4.7,4.2,5.6,6.8,0.68,147.0
237,CAMERON PASS CO,2010,5.2,6.3,8.5,2.5,1.6,2.3,6.2,1.7,5.6,9.7,0.98,142.0
238,CAMERON PASS CO,2011,5.4,4.0,6.9,1.4,2.4,1.9,3.3,2,4.4,6.6,1.05,236.0
239,CAMERON PASS CO,2012,5.3,5.0,22.5,4.1,7.8,1.3,6.4,5.2,7.3,6.4,0.7,132.0
240,CAMERON PASS CO,2013,5.4,4.0,10.5,1.6,1.3,1,5.7,1.4,4.6,7.1,0.5,160.0
241,CAMERON PASS CO,2014,5.8,1.6,8,1.6,1.9,1,5.4,1.1,5.2,6.3,0.43,239.0
242,CAMERON PASS CO,2015,5.6,2.5,7,1.7,1.9,2.2,5.9,1.4,4.4,5.7,0.68,188.0
243,CAMERON PASS CO,2016,5.8,1.6,8,0.8,1.7,1,4.5,1.1,3.3,5.3,0.22,193.0
244,CAMERON PASS CO,2017,5.4,4.0,4,0.8,2.2,0.7,2.6,2.3,2.9,3.9,0.48,124.0
245,CAMERON PASS CO,2018,6.0,1.0,12.9,2.4,8.2,1.2,5.8,6.8,5.2,5.6,0.7,185.0
246,CANYON WY,1993,5.1,7.9,<3.1,<1.7,,<0.5,3.2,1.1,5,6,0.4,104.0
247,CANYON WY,1994,5.9,1.3,5,<1.7,5.2,1.8,8.2,2.3,7.5,7,0.8,84.0
248,CANYON WY,1995,5.1,7.9,<3.1,<1.7,<3,<0.5,4.4,<1.1,3.3,5.6,0.4,127.0
249,CANYON WY,1996,5.4,4.0,<3.1,<1.7,0.9,0.8,3.4,<1.1,2.9,4.4,0.8,165.0
250,CANYON WY,1997,5.4,4.0,<3.1,<1.7,,<0.5,2,<1.1,2.3,3.8,0.6,173.0
251,CANYON WY,1998,5.1,7.9,2,0.8,0.9,<0.5,4.2,1.4,3.3,7.1,0.5,109.0
252,CANYON WY,1999,5.4,4.0,2,<0.2,<1,<0.4,6.4,1.4,3.3,5.9,0.3,147.0
253,CANYON WY,2000,5.4,4.0,4,0.8,1.7,<0.4,5.5,<0.6,3.3,6.9,,102.0
254,CANYON WY,2001,5.2,6.3,2.5,0.8,1,<0.4,6,<0.6,4.4,9.3,0.46,89.0
255,CANYON WY,2002,5.3,5.0,3,0.8,1.3,<0.4,6.7,1.1,3.1,7.3,0.29,109.0
256,CANYON WY,2003,5.6,2.5,5.5,2.5,1.7,0.6,7.7,0.8,4.6,7.1,0.31,109.0
257,CANYON WY,2004,5.1,7.9,1.7,0.2,<1,<0.4,3.3,0.8,2.5,6.1,<0.2,112.0
258,CANYON WY,2005,5.3,5.0,0.5,<0.2,1.2,0.6,6.9,0.6,2.7,5.9,0.21,89.0
259,CANYON WY,2006,5.4,4.0,<0.4,<0.2,<1,<0.4,4.7,0.8,2.1,5.1,0.2,112.0
260,CANYON WY,2007,5.7,2.0,5.2,0.7,1.5,<0.4,7,1.1,4.4,6.1,0.36,124.0
261,CANYON WY,2008,5.6,2.5,4,<0.2,<1,<0.4,5.7,0.8,1.9,5.6,0.23,132.0
262,CANYON WY,2009,5.6,2.5,1.5,0.8,1.2,1.1,7.2,0.8,2.9,5.6,0.53,109.0
263,CANYON WY,2010,5.5,3.2,8,1.6,6.8,0.8,8.2,2.8,5.2,9.2,0.44,84.0
264,CANYON WY,2011,5.4,4.0,3.1,0.5,2.1,<0.4,4.4,1.1,2.7,5.1,0.35,132.0
265,CANYON WY,2012,5.3,5.0,7,<1.6,4.3,<0.5,7.8,1.9,4,3.9,0.4,127.0
266,CANYON WY,2013,5.2,6.3,3.5,<1.6,<0.9,<0.5,5.7,0.8,2.1,5.7,0.3,84.0
267,CANYON WY,2014,6.2,0.6,11,0.8,3.3,0.5,6,1.7,3.3,3.6,0.26,124.0
268,CANYON WY,2015,6.2,0.6,7.9,1.5,3.3,0.4,6.2,1.4,3.3,4.1,0.32,94.0
269,CANYON WY,2016,5.8,1.6,5,<0.2,1.7,0.3,4.7,0.8,1.9,3.2,<0.2,89.0
270,CANYON WY,2017,5.6,2.5,1,<0.2,0.4,0.2,4,0.6,1.5,3.6,0.23,147.0
271,CANYON WY,2018,5.8,1.6,3.3,0.8,1.9,0.7,7,1.1,2.3,4.3,0.44,155.0
275,CHIEF JOSEPH PASS MT,1993,5.3,5.0,<3.1,<1.7,<3,<0.5,3.2,<1.1,4,2.8,0.4,150.0
276,CHIEF JOSEPH PASS MT,1994,5.4,4.0,<3.1,<1.7,<3,1.5,4.3,1.4,3.7,4.8,1.2,119.0
277,CHIEF JOSEPH PASS MT,1995,5.3,5.0,<3.1,<1.7,<3,<0.5,3.8,<1.1,2.9,3.3,0.6,150.0
278,CHIEF JOSEPH PASS MT,1996,5.2,6.3,<3.1,<1.7,<0.9,0.5,1,<1.1,2.1,4.9,0.7,211.0
279,CHIEF JOSEPH PASS MT,1997,5.3,5.0,<3.1,<1.7,,<0.5,1.2,<1.1,1.5,2.9,0.5,267.0
280,CHIEF JOSEPH PASS MT,1998,5.2,6.3,2,0.8,0.9,<0.5,3.9,0.8,3.1,4.7,0.6,140.0
281,CHIEF JOSEPH PASS MT,1999,5.3,5.0,1,<0.2,1.2,0.5,3.4,0.8,2.1,2.9,0.2,178.0
282,CHIEF JOSEPH PASS MT,2000,5.3,5.0,1,0.8,<1,<0.4,2.9,<0.6,1.7,3.4,0.5,155.0
283,CHIEF JOSEPH PASS MT,2001,5.3,5.0,4.5,0.8,1.1,1.3,2.8,<0.6,4.2,5.5,1.2,112.0
284,CHIEF JOSEPH PASS MT,2002,5.4,4.0,1.5,<0.2,<1,<0.4,3.4,<0.6,2.1,3.8,0.32,145.0
285,CHIEF JOSEPH PASS MT,2003,5.2,6.3,2,0.8,<1,<0.4,2.2,0.6,1.7,2.3,0.31,224.0
286,CHIEF JOSEPH PASS MT,2004,5.2,6.3,2.3,0.7,1.6,1.4,2.4,1.4,2.5,3,1.28,175.0
287,CHIEF JOSEPH PASS MT,2005,5.2,6.3,1,<0.2,<1,0.8,3.7,1.1,2.9,4.3,0.42,91.0
288,CHIEF JOSEPH PASS MT,2006,5.5,3.2,1.5,<0.2,2,<0.4,2.8,2.5,2.3,3,0.45,185.0
289,CHIEF JOSEPH PASS MT,2007,5.5,3.2,2.3,0.4,2.9,0.7,3,1.1,2.9,3.4,0.4,140.0
290,CHIEF JOSEPH PASS MT,2008,5.0,10.0,4.5,<0.2,<1,0.6,2.3,0.8,2.1,3.4,0.52,203.0
291,CHIEF JOSEPH PASS MT,2009,5.5,3.2,0.5,<0.2,<1,0.9,2.3,<0.6,1.5,2.4,0.6,137.0
292,CHIEF JOSEPH PASS MT,2010,5.3,5.0,3.5,0.8,2,0.9,6.9,1.7,4,5.7,0.73,91.0
293,CHIEF JOSEPH PASS MT,2011,5.5,3.2,3.6,0.7,3.3,0.6,2.7,1.1,2.9,3.1,0.47,170.0
294,CHIEF JOSEPH PASS MT,2012,4.8,15.8,2.5,<1.6,1.3,1.5,2.9,1,2.3,2.6,0.7,168.0
295,CHIEF JOSEPH PASS MT,2013,5.2,6.3,4.5,1.6,0.9,0.8,4.3,1.7,2.5,3.6,0.6,127.0
296,CHIEF JOSEPH PASS MT,2014,5.7,2.0,3.5,<0.8,1.2,0.4,2.3,1.1,1.9,2.4,0.42,216.0
297,CHIEF JOSEPH PASS MT,2015,5.3,5.0,1,0.3,0.7,0.3,2.5,1.1,1.2,2.1,0.29,135.0
298,CHIEF JOSEPH PASS MT,2016,5.4,4.0,0.5,<0.2,1.3,0.6,3.5,1.1,1.7,2.5,0.32,142.0
299,CHIEF JOSEPH PASS MT,2017,5.4,4.0,1,0.8,0.9,1,2.9,0.8,1.5,2.9,0.77,168.0
300,CHIEF JOSEPH PASS MT,2018,5.7,2.0,4.5,1.2,1.5,0.5,2.4,1.4,1.9,2.8,0.38,201.0
303,DAISY PASS MT,1993,5.3,5.0,<3.1,<1.7,<3,<0.5,4.3,<1.1,6.2,4.6,0.4,117.0
304,DAISY PASS MT,1994,5.1,7.9,<3.1,<1.7,<3,<0.5,5,1.1,4,5.3,0.3,163.0
305,DAISY PASS MT,1995,5.3,5.0,<3.1,<1.7,<3,<0.5,3.7,<1.1,4,4.3,0.5,249.0
306,DAISY PASS MT,1996,5.5,3.2,<3.1,<1.7,<0.9,0.8,3,<1.1,3.5,3.9,0.5,318.0
307,DAISY PASS MT,1997,5.4,4.0,<3.1,<1.7,,2,1.7,<1.1,2.3,3.1,0.6,371.0
308,DAISY PASS MT,1998,5.2,6.3,2,0.8,<0.4,0.5,2.8,0.8,3.5,5.1,0.9,211.0
309,DAISY PASS MT,1999,5.3,5.0,1.5,<0.2,<1,<0.4,4.7,0.8,2.9,4.4,0.3,328.0
310,DAISY PASS MT,2000,5.5,3.2,4,1.6,1.3,0.6,3.8,<0.6,2.7,4.5,0.46,216.0
311,DAISY PASS MT,2001,5.2,6.3,3.5,0.8,<1,0.9,4.9,<0.6,4.8,7.5,0.82,135.0
312,DAISY PASS MT,2002,5.4,4.0,3.5,0.8,<1,0.7,4.7,<0.6,3.5,6,0.4,208.0
313,DAISY PASS MT,2003,5.4,4.0,3,0.8,<1,<0.4,7.2,0.8,3.5,5.4,0.31,249.0
314,DAISY PASS MT,2004,5.4,4.0,3.5,1,<1,1.2,5,0.8,3.7,4.9,0.98,221.0
315,DAISY PASS MT,2005,5.3,5.0,1.5,<0.2,<1,<0.4,6,<0.6,3.1,5.8,0.3,142.0
316,DAISY PASS MT,2006,5.5,3.2,<0.4,<0.2,<1,<0.4,4.4,0.6,2.3,3.6,0.3,277.0
317,DAISY PASS MT,2007,5.8,1.6,5.2,1.1,1.4,1.7,5,1.4,4.4,5.1,0.49,249.0
318,DAISY PASS MT,2008,5.2,6.3,5,0.8,<1,<0.4,4.5,<0.6,2.5,4.8,0.21,300.0
319,DAISY PASS MT,2009,5.6,2.5,1.5,<0.2,<1,<0.4,5.5,0.8,2.5,4.1,0.32,236.0
320,DAISY PASS MT,2010,5.4,4.0,5,1.6,1.3,0.9,6.7,0.8,4,6.1,0.51,163.0
321,DAISY PASS MT,2011,5.6,2.5,4.9,1,6.7,0.6,3.5,1.7,5.8,4.6,0.47,279.0
322,DAISY PASS MT,2012,5.1,7.9,5.5,<1.6,1.7,0.8,8.5,1.4,2.7,3.9,0.4,267.0
323,DAISY PASS MT,2013,5.3,5.0,5,<1.6,<0.9,0.5,5.7,0.8,2.9,5,0.4,216.0
324,DAISY PASS MT,2014,6.1,0.8,7,0.8,1.4,1.4,5.7,0.8,2.9,3.2,0.34,333.0
325,DAISY PASS MT,2015,5.8,1.6,4.2,1,2.7,0.6,5.9,1.7,3.1,3.7,0.27,216.0
326,DAISY PASS MT,2016,5.6,2.5,4.5,0.8,2.6,1.1,4.7,1.1,3.3,3.9,0.57,216.0
327,DAISY PASS MT,2017,5.7,2.0,1.5,<0.2,0.4,0.4,3.4,<0.6,1.5,2.5,0.23,279.0
328,DAISY PASS MT,2018,5.7,2.0,3.2,0.8,1,0.8,6.9,1.1,2.3,4,0.51,340.0
344,DIVIDE PEAK WY,1993,4.8,15.8,<3.1,<1.7,<3,<0.5,3.5,<1.1,12.1,10.8,0.3,114.0
345,DIVIDE PEAK WY,1994,5.1,7.9,7.8,1.8,<3,0.5,7.2,1.1,9.8,13.1,0.5,122.0
346,DIVIDE PEAK WY,1995,5.0,10.0,12.9,2.5,<3,0.5,6,2,10.2,15.8,0.5,140.0
347,DIVIDE PEAK WY,1996,5.2,6.3,8,<1.7,1.7,0.5,3.4,1.4,6.9,11.7,0.6,127.0
348,DIVIDE PEAK WY,1997,5.0,10.0,6.1,<1.7,,<0.5,4.3,1.7,8.5,13.6,0.8,150.0
349,DIVIDE PEAK WY,1998,4.7,20.0,7,1.6,2.2,<0.5,5.7,1.7,12.5,19.3,0.6,221.0
350,DIVIDE PEAK WY,1999,5.2,6.3,13.9,2.5,3.5,0.7,6.3,2,10.8,15.4,0.6,198.0
351,DIVIDE PEAK WY,2000,5.0,10.0,9.5,2.5,2.3,0.6,7.9,1.1,9.8,14.8,0.49,180.0
352,DIVIDE PEAK WY,2001,5.2,6.3,14.9,3.3,7,0.6,6.4,1.7,12.5,20.1,0.7,104.0
353,DIVIDE PEAK WY,2002,5.5,3.2,15.4,3.3,4.9,0.5,6.3,1.7,9.8,17,0.71,130.0
354,DIVIDE PEAK WY,2003,5.2,6.3,10.5,2.5,3.6,1.6,8.5,1.1,11.2,16.2,1.17,178.0
355,DIVIDE PEAK WY,2005,5.2,6.3,5.5,0.8,2.2,0.5,5.3,0.8,7.5,9.2,0.22,137.0
356,DIVIDE PEAK WY,2006,5.2,6.3,16.4,3.3,4.6,1.3,7.2,2,9.4,18.3,,102.0
357,DIVIDE PEAK WY,2007,5.9,1.3,25.2,5.2,2.7,1.9,7.2,1.7,10.4,16.9,0.99,117.0
358,DIVIDE PEAK WY,2008,5.2,6.3,15.9,2.5,3,1.2,5,1.7,7.3,14.3,0.65,188.0
359,DIVIDE PEAK WY,2009,6.4,0.4,26.9,4.9,,,,2,10.2,12.4,0.85,216.0
360,DIVIDE PEAK WY,2010,5.1,7.9,6.5,1.6,2,<0.4,6,0.8,6.9,10.5,0.45,160.0
361,DIVIDE PEAK WY,2011,6.1,0.8,20.4,3.3,3.6,0.5,6.8,1.1,7.9,10.4,0.44,259.0
362,DIVIDE PEAK WY,2012,5.6,2.5,22.5,4.1,7,1,7.3,4.1,9.2,9.8,0.5,122.0
363,DIVIDE PEAK WY,2013,5.4,4.0,10,2.5,1.7,0.5,10,2,6,11.4,0.4,104.0
364,DIVIDE PEAK WY,2014,6.4,0.4,25.9,4.9,5.4,1.7,9.4,2.8,9.2,11.4,0.58,155.0
365,DIVIDE PEAK WY,2015,,,,,,,,,,,,84.0
366,DIVIDE PEAK WY,2016,5.9,1.3,11.5,2.5,3.9,1.4,7,1.4,7.3,8.9,0.73,127.0
367,DIVIDE PEAK WY,2017,5.6,2.5,8.5,1.6,1.7,1.1,6.3,1.1,5.2,7.6,0.7,117.0
368,DIVIDE PEAK WY,2018,6.3,0.5,24,4.7,5.8,1.1,9.6,3.1,8.5,9.9,1.12,117.0
370,DRY LAKE CO,1993,4.8,15.8,5,<0.2,<1,2.5,5,<1.1,12.3,13.8,0.5,140.0
371,DRY LAKE CO,1994,4.7,20.0,5,1.9,2,<0.4,6,2,14.4,18,0.4,104.0
372,DRY LAKE CO,1995,4.7,20.0,5,<0.2,1.6,<0.4,6.9,1.1,12.9,18.8,0.6,122.0
373,DRY LAKE CO,1996,5.0,10.0,7,<1.7,0.9,2,3,<1.1,7.9,12.2,0.5,170.0
374,DRY LAKE CO,1997,4.8,15.8,6.1,<1.7,,<0.5,3,1.1,9.4,12.9,1.8,201.0
375,DRY LAKE CO,1998,4.7,20.0,4,0.8,0.9,<0.5,6.5,0.8,12.9,16,0.5,137.0
376,DRY LAKE CO,1999,5.0,10.0,12.9,2.5,4.1,0.6,6.3,2,13.1,16.6,0.3,127.0
377,DRY LAKE CO,2000,4.9,12.6,5.5,1.6,<1,0.8,5.5,<0.6,10.2,12.9,0.6,160.0
378,DRY LAKE CO,2001,4.8,15.8,7.5,1.6,1.8,0.8,6.5,<0.6,10.2,20.6,0.39,137.0
379,DRY LAKE CO,2002,4.9,12.6,9,2.5,3.2,0.7,6.4,2.3,8.7,21.5,0.31,142.0
380,DRY LAKE CO,2003,5.1,7.9,11,3.3,2,5.3,6.8,1.4,10,16.8,1.04,163.0
381,DRY LAKE CO,2004,5.0,10.0,6.6,1.1,<1,<0.4,3.4,0.8,6.9,17,0.41,127.0
382,DRY LAKE CO,2005,5.2,6.3,8,1.6,2.5,0.5,5,0.8,8.1,11.4,<0.2,147.0
383,DRY LAKE CO,2006,5.1,7.9,7.5,1.6,1.8,<0.4,4.2,1.4,6.7,16.2,0.23,185.0
384,DRY LAKE CO,2007,5.1,7.9,11.9,1.7,1.1,0.6,4.9,1.1,7.5,15.9,0.2,132.0
385,DRY LAKE CO,2008,5.0,10.0,8,0.8,1.1,0.6,3.2,0.8,5,15.9,0.33,193.0
386,DRY LAKE CO,2009,5.5,3.2,8.5,1.6,1.5,0.6,3.9,0.8,5.8,10.5,0.23,150.0
387,DRY LAKE CO,2010,4.8,15.8,4,0.8,<1,<0.4,5.7,0.8,8.5,16,0.3,124.0
388,DRY LAKE CO,2011,5.0,10.0,5.3,1.2,1,<0.4,5.4,0.8,7.1,11.6,0.24,239.0
389,DRY LAKE CO,2012,5.4,4.0,22,4.1,5.2,1,6.4,4.3,10.4,13.6,0.5,112.0
390,DRY LAKE CO,2013,4.8,15.8,8.5,<1.6,<0.9,<0.5,7.2,1.4,6,15,0.3,130.0
391,DRY LAKE CO,2014,5.4,4.0,7.5,1.6,1.4,0.5,8.4,1.2,7.3,12.7,0.24,152.0
392,DRY LAKE CO,2015,5.3,5.0,5.1,1.1,0.8,0.2,6.8,0.8,6.7,8.9,<0.2,145.0
393,DRY LAKE CO,2016,5.5,3.2,5.5,0.8,0.9,0.3,6,0.6,4.8,8,<0.2,163.0
394,DRY LAKE CO,2017,5.8,1.6,4,1.6,0.9,1,3.2,0.8,3.7,5.8,1.06,122.0
395,DRY LAKE CO,2018,6.3,0.5,18.4,3.5,5.6,1.3,7,3.1,7.3,8.8,0.53,135.0
396,DUNCKLEY PASS CO,1993,5.1,7.9,5,<0.2,1,3.8,3.9,1.1,8.7,7.7,0.9,190.0
397,DUNCKLEY PASS CO,1994,5.2,6.3,15,2.6,1.7,1,4.5,2.3,6.9,13.7,0.4,175.0
398,DUNCKLEY PASS CO,1995,5.4,4.0,15,2.9,1.2,4.5,4.4,1.1,8.1,11.7,2.1,152.0
399,DUNCKLEY PASS CO,1996,5.5,3.2,7.9,<1.7,1.3,1,3.4,<1.1,5.4,7.9,0.6,180.0
400,DUNCKLEY PASS CO,1997,5.4,4.0,11.1,2.1,,2.6,3.3,1.7,8.3,9.3,1.6,157.0
401,DUNCKLEY PASS CO,1998,4.9,12.6,5.5,0.8,0.9,1.5,5,1.1,6.9,11.4,0.6,157.0
402,DUNCKLEY PASS CO,1999,6.6,0.3,45.3,4,2.4,3,5.8,1.7,8.1,13,1.3,145.0
403,DUNCKLEY PASS CO,2000,5.1,7.9,8.5,2.5,<1,1.2,4.4,<0.6,6,10.6,0.41,157.0
404,DUNCKLEY PASS CO,2001,5.7,2.0,12.5,2.5,2,2.4,5.7,<0.6,8.1,12.6,0.76,170.0
405,DUNCKLEY PASS CO,2002,5.6,2.5,12.9,2.5,1.2,1.9,3.9,1.1,6.9,14.1,0.71,135.0
406,DUNCKLEY PASS CO,2003,6.1,0.8,22.9,4.9,2,1.9,6.9,0.8,6.5,10.5,0.71,208.0
407,DUNCKLEY PASS CO,2004,5.7,2.0,14.4,2.5,<1,2.2,5,1.1,5.6,11.5,0.66,173.0
408,DUNCKLEY PASS CO,2005,5.5,3.2,8.5,0.8,2,0.8,5.3,1.1,5.6,8.4,0.24,168.0
409,DUNCKLEY PASS CO,2006,6.0,1.0,12.9,2.5,1.8,1.4,4.9,1.4,6,9.9,0.33,201.0
410,DUNCKLEY PASS CO,2007,5.7,2.0,13.4,2.3,1.3,3.1,4.3,1.1,6,10.4,0.93,165.0
411,DUNCKLEY PASS CO,2008,5.4,4.0,17.4,3.3,3.9,2.5,1.9,3.4,6.9,10.3,1.16,203.0
412,DUNCKLEY PASS CO,2009,6.6,0.3,35.4,3.3,3.7,1.2,4.5,1.4,6.9,7.1,0.53,231.0
413,DUNCKLEY PASS CO,2010,5.4,4.0,16.9,3.3,1.7,1.5,5.9,1.1,5.6,9.1,0.5,198.0
414,DUNCKLEY PASS CO,2011,6.0,1.0,17.5,2.9,1.5,2.7,3.9,0.8,5.2,7.6,1.39,239.0
415,DUNCKLEY PASS CO,2012,5.6,2.5,23,4.1,5.7,2,5.9,4.5,7.5,9.7,0.8,124.0
416,DUNCKLEY PASS CO,2013,5.6,2.5,14,2.5,1.3,1.3,6.4,1.4,4.4,9.3,0.4,165.0
417,DUNCKLEY PASS CO,2014,6.4,0.4,24.5,3.3,4.6,2.6,4.7,2.5,7.1,8.1,0.95,216.0
418,DUNCKLEY PASS CO,2015,5.9,1.3,10.7,2,1.1,1.7,6.4,1.1,4.4,6.3,0.37,147.0
419,DUNCKLEY PASS CO,2016,5.9,1.3,12.5,1.6,2.2,1.8,4.3,0.8,4.2,6.4,0.49,165.0
420,DUNCKLEY PASS CO,2017,5.8,1.6,10.5,2.5,0.9,2.4,3.8,0.8,3.7,5.8,1.12,160.0
421,DUNCKLEY PASS CO,2018,6.4,0.4,27.5,5.7,2.7,11.8,3.9,2.5,5,6.3,1.64,155.0
441,ELK RIVER CO,1993,4.9,12.6,<0.4,<0.2,1,<0.4,2.5,<1.1,6.9,12,<0.4,122.0
442,ELK RIVER CO,1994,5.1,7.9,10,1.9,1.4,0.7,6.2,1.4,10.6,14,0.7,122.0
443,ELK RIVER CO,1995,5.0,10.0,10,<0.2,<1,<0.4,5.5,1.4,9.8,13.9,0.7,130.0
444,ELK RIVER CO,1996,5.1,7.9,7.5,<1.7,1.7,0.8,1.8,1.1,6.5,14.3,0.6,155.0
445,ELK RIVER CO,1997,5.0,10.0,7.1,<1.7,,1,2.5,1.4,7.5,10.7,1.2,145.0
446,ELK RIVER CO,1998,4.7,20.0,7.5,1.6,2.2,0.5,4,1.1,11,17.1,0.6,137.0
447,ELK RIVER CO,1999,5.1,7.9,11,1.6,3,0.8,4.8,1.7,7.3,13.9,0.3,119.0
448,ELK RIVER CO,2000,5.1,7.9,7.5,1.6,1.5,0.5,3.9,<0.6,6.9,12.2,0.6,145.0
449,ELK RIVER CO,2001,5.0,10.0,11.5,1.6,4,1,5.2,1.1,10.4,17.8,0.6,137.0
450,ELK RIVER CO,2002,5.3,5.0,12.5,2.5,6.6,0.5,5.7,2.3,9.8,16.2,0.36,122.0
451,ELK RIVER CO,2003,5.3,5.0,12.9,3.3,3.2,2,7,1.1,7.5,13.6,1.08,135.0
452,ELK RIVER CO,2004,5.2,6.3,11,2,<1,0.9,4.4,0.8,7.5,14.4,0.47,117.0
453,ELK RIVER CO,2005,5.6,2.5,12.5,1.6,2.4,1.3,4.4,0.6,7.3,9.8,0.51,137.0
454,ELK RIVER CO,2006,5.7,2.0,13.4,1.6,2.5,0.7,4.2,1.4,6.5,14.3,0.46,137.0
455,ELK RIVER CO,2007,5.9,1.3,27.6,2.9,1.6,4.5,3,1.7,7.3,14.3,0.77,117.0
456,ELK RIVER CO,2008,5.3,5.0,12.5,1.6,<1,0.8,4.5,0.8,4,11.5,0.41,157.0
457,ELK RIVER CO,2009,6.1,0.8,16.4,2.5,3,3,4.8,1.4,6.9,9.9,1.26,132.0
458,ELK RIVER CO,2010,5.1,7.9,7,1.6,1,0.6,6,0.8,5.6,11.9,0.42,122.0
459,ELK RIVER CO,2011,5.5,3.2,16.6,1.8,1.6,0.7,5,0.8,5.2,9.5,0.48,178.0
460,ELK RIVER CO,2012,5.5,3.2,23,3.3,4.8,3.6,5.2,3.5,7.1,9.6,0.8,112.0
461,ELK RIVER CO,2013,5.5,3.2,16,2.5,1.3,1.5,8.6,1.7,6.2,12.9,0.4,109.0
462,ELK RIVER CO,2014,6.0,1.0,13,1.6,1.7,1.1,5.8,1.4,4.8,8.6,0.43,150.0
463,ELK RIVER CO,2015,5.4,4.0,9.7,2.2,1.7,2.6,3.7,1.4,4.8,8.3,0.78,119.0
464,ELK RIVER CO,2016,6.0,1.0,14.4,1.6,2.6,1.6,4.4,1.1,4.6,7.9,0.45,132.0
465,ELK RIVER CO,2017,5.3,5.0,6,1.6,0.9,3.1,3.9,1.1,4,6.1,0.9,155.0
466,ELK RIVER CO,2018,6.3,0.5,18.6,3.1,5.6,1,7.1,2.8,5.8,8.4,0.76,109.0
467,ELKHART PARK WY,1993,5.4,4.0,<3.1,<1.7,<3,0.5,8.9,<1.1,6,5.4,0.3,135.0
468,ELKHART PARK WY,1994,5.3,5.0,3.5,<1.7,<3,<0.5,4.7,1.1,5.6,6.4,0.5,117.0
469,ELKHART PARK WY,1995,5.1,7.9,4,<1.7,<3,<0.5,4.2,<1.1,8.5,7.4,0.7,142.0
470,ELKHART PARK WY,1995,,,,,,,,,,,,142.0
471,ELKHART PARK WY,1996,5.3,5.0,3.5,<1.7,1.3,0.8,3.2,1.1,4.4,5.4,0.7,142.0
472,ELKHART PARK WY,1997,5.2,6.3,<3.1,<1.7,,0.5,2.2,1.1,4,5.4,0.8,157.0
473,ELKHART PARK WY,1998,5.3,5.0,6.5,1.6,5.7,0.5,3.7,2.3,8.1,8.1,0.4,127.0
474,ELKHART PARK WY,1999,5.2,6.3,5,0.8,1.3,0.9,4.9,1.4,5.6,7.4,0.4,127.0
475,ELKHART PARK WY,2000,5.3,5.0,4,1.6,1.8,0.4,4.3,<0.6,4.4,6.4,0.4,127.0
476,ELKHART PARK WY,2001,5.1,7.9,4,0.8,1.3,<0.4,3.5,<0.6,5.8,10.3,0.7,112.0
477,ELKHART PARK WY,2002,5.3,5.0,6,0.8,1.7,0.8,5.5,1.1,5.2,7.5,0.51,119.0
478,ELKHART PARK WY,2003,5.6,2.5,8.5,4,3.2,0.9,8.6,1.4,6.9,7.7,0.68,124.0
479,ELKHART PARK WY,2004,5.1,7.9,3.4,0.7,<1,<0.4,3.3,0.8,5.6,7.4,0.61,109.0
480,ELKHART PARK WY,2005,5.2,6.3,1.5,0.8,<1,1,4.3,0.6,4.2,6.6,0.88,112.0
481,ELKHART PARK WY,2006,5.3,5.0,1.5,<0.2,<1,<0.4,3.2,1.1,3.5,5.8,0.38,119.0
482,ELKHART PARK WY,2007,5.3,5.0,16.6,1.2,1.2,0.6,3.7,0.8,4.2,6.6,0.52,86.0
483,ELKHART PARK WY,2008,5.1,7.9,6,0.8,<1,0.8,5.3,0.8,4.2,7.3,0.86,107.0
484,ELKHART PARK WY,2009,5.9,1.3,8,1.6,3.9,1.2,4.2,3.1,4.6,6.3,0.66,107.0
485,ELKHART PARK WY,2010,5.1,7.9,5,1.6,1.3,0.5,6.7,0.8,5.2,9.9,0.57,84.0
486,ELKHART PARK WY,2011,5.4,4.0,4.5,1.1,<1,0.8,3.3,<0.6,3.3,4.7,0.71,137.0
487,ELKHART PARK WY,2012,5.2,6.3,9.5,2.5,3,1,5.8,1.9,4.6,4.4,0.8,127.0
488,ELKHART PARK WY,2013,5.2,6.3,5.5,<1.6,1.3,1.3,7.2,1.1,4.4,7.9,0.8,104.0
489,ELKHART PARK WY,2014,5.8,1.6,4,<0.8,1.5,0.4,5.2,1,2.5,3.8,0.38,206.0
490,ELKHART PARK WY,2015,5.3,5.0,3.1,1.1,1.1,0.6,3.7,1.1,2.1,3.9,0.33,102.0
491,ELKHART PARK WY,2016,5.7,2.0,4.5,0.8,2.2,0.3,4.8,1.1,2.7,4.4,<0.2,86.0
492,ELKHART PARK WY,2017,6.0,1.0,6.5,1.6,1.7,0.3,3.8,1.1,2.9,4.8,0.28,180.0
493,ELKHART PARK WY,2018,5.9,1.3,6.7,1.6,3,0.5,6.7,1.7,4,4.8,0.41,145.0
495,FOUR MILE MEADOW WY,1993,5.4,4.0,3.7,<1.7,<3,0.5,3.2,<1.1,5,5.4,0.4,97.0
496,FOUR MILE MEADOW WY,1994,5.4,4.0,5.5,<1.7,5.2,1.5,5.7,2.5,6.7,7,0.6,76.0
497,FOUR MILE MEADOW WY,1995,5.2,6.3,<3.1,<1.7,<3,0.5,3.5,<1.1,3.3,7,0.8,119.0
498,FOUR MILE MEADOW WY,1996,5.5,3.2,<3.1,<1.7,1.7,1.3,3,1.4,3.1,4.3,0.7,127.0
499,FOUR MILE MEADOW WY,1997,5.2,6.3,3.2,2.1,,2.6,2.2,1.4,2.1,3.9,2.6,99.0
500,FOUR MILE MEADOW WY,1998,5.2,6.3,3.5,0.8,2.2,<0.5,2.6,1.4,3.7,6.3,0.5,89.0
501,FOUR MILE MEADOW WY,1999,5.3,5.0,4,0.8,1.3,0.5,4.5,1.1,3.1,6.2,0.4,104.0
502,FOUR MILE MEADOW WY,2000,5.5,3.2,5.5,1.6,2.3,0.6,3.9,<0.6,3.3,6.3,0.6,94.0
503,FOUR MILE MEADOW WY,2001,5.2,6.3,6.5,2.5,1.9,0.6,5.9,<0.6,5,10.1,0.66,64.0
504,FOUR MILE MEADOW WY,2002,5.5,3.2,7,1.6,2.9,1.1,8.4,1.4,5,10,0.82,84.0
505,FOUR MILE MEADOW WY,2003,5.8,1.6,10,2.5,2.4,1.3,7.2,0.8,4.2,6.8,0.94,107.0
506,FOUR MILE MEADOW WY,2004,5.3,5.0,3.4,0.8,<1,<0.4,3.4,0.8,2.3,6.3,0.58,81.0
507,FOUR MILE MEADOW WY,2005,5.2,6.3,2,0.8,<1,<0.4,5.2,0.6,2.7,6.5,0.35,71.0
508,FOUR MILE MEADOW WY,2006,5.6,2.5,3,0.8,1,<0.4,3.5,1.4,2.1,5.1,0.43,104.0
509,FOUR MILE MEADOW WY,2007,5.5,3.2,4.6,0.8,1.4,0.6,4.9,1.1,3.5,5.9,0.51,89.0
510,FOUR MILE MEADOW WY,2008,5.6,2.5,4.5,0.8,<1,<0.4,6.2,1.1,2.1,6.1,0.32,112.0
511,FOUR MILE MEADOW WY,2009,6.8,0.2,50.9,7.3,36.3,1,6.4,31,10.6,5.9,0.45,102.0
512,FOUR MILE MEADOW WY,2010,5.2,6.3,3,0.8,<1,<0.4,4.9,0.8,2.1,7.2,0.33,69.0
513,FOUR MILE MEADOW WY,2011,5.5,3.2,4.2,0.9,1,<0.4,4.4,0.6,2.1,4.6,0.23,135.0
514,FOUR MILE MEADOW WY,2012,5.0,10.0,9,1.6,3,<0.5,5.9,3.2,3.7,3.6,0.4,102.0
515,FOUR MILE MEADOW WY,2013,5.3,5.0,4,<1.6,<0.9,<0.5,7.9,0.8,2.7,5,0.3,97.0
516,FOUR MILE MEADOW WY,2014,5.6,2.5,3.5,<0.8,1,0.4,5.8,0.8,1,3.1,0.13,127.0
517,FOUR MILE MEADOW WY,2015,5.9,1.3,8.7,1.6,5.9,0.3,5.7,3.4,4,4.6,0.4,79.0
518,FOUR MILE MEADOW WY,2016,5.9,1.3,3.5,<0.2,2.2,0.2,7.3,1.1,2.3,3.7,<0.2,109.0
519,FOUR MILE MEADOW WY,2017,5.6,2.5,2,0.8,0.9,0.2,3.2,0.8,2.1,3.9,<0.2,114.0
520,FOUR MILE MEADOW WY,2018,6.0,1.0,6.2,1.6,2.2,0.5,6.6,1.4,2.5,5.1,0.52,104.0
521,FREMONT PASS CO,1993,5.2,6.3,5.6,<1.7,<3,0.8,3.2,<1.1,5.6,6.4,0.7,150.0
522,FREMONT PASS CO,1994,6.2,0.6,16.7,4.9,<3,7.7,4.3,3.7,6.2,9.9,8.8,104.0
523,FREMONT PASS CO,1995,5.2,6.3,5.5,<1.7,<3,0.5,2.7,<1.1,3.7,7.4,0.7,175.0
524,FREMONT PASS CO,1996,5.5,3.2,6.3,<1.7,1.3,0.8,2.1,<1.1,4.6,6.5,0.6,226.0
525,FREMONT PASS CO,1997,5.4,4.0,6.4,<1.7,,0.5,1.5,1.7,4,9.3,1.1,178.0
526,FREMONT PASS CO,1998,5.2,6.3,8,1.6,2.2,<0.5,2.7,2.5,4.4,9.2,0.4,170.0
527,FREMONT PASS CO,1999,5.8,1.6,16.9,2.5,1.7,1.1,3.2,1.4,5.2,9.3,0.6,130.0
528,FREMONT PASS CO,2000,5.1,7.9,8,1.6,1.3,0.9,3.9,1.1,5.6,8.6,0.38,140.0
529,FREMONT PASS CO,2001,5.3,5.0,5.5,1.6,1.4,0.6,2.9,<0.6,4.6,8.6,0.59,119.0
530,FREMONT PASS CO,2002,5.6,2.5,10.5,1.6,<1,1.5,1.9,1.1,3.3,9.9,0.7,122.0
531,FREMONT PASS CO,2003,5.7,2.0,12.5,3.3,1.1,1.5,3.5,1.1,4.2,8.5,0.62,147.0
532,FREMONT PASS CO,2004,5.3,5.0,6.1,1.3,<1,2.8,4.8,0.8,4.2,9,0.87,119.0
533,FREMONT PASS CO,2005,5.2,6.3,6,0.8,1.3,1.1,3.2,1.1,3.7,7.6,0.45,135.0
534,FREMONT PASS CO,2006,6.3,0.5,16.9,1.6,1.4,0.5,2.9,1.1,4.6,8.3,0.37,173.0
535,FREMONT PASS CO,2007,5.5,3.2,9.5,1.9,1.9,2.5,2,1.1,5.4,8.5,0.87,145.0
536,FREMONT PASS CO,2008,5.6,2.5,12,1.6,1.7,1.6,2.7,1.4,3.5,7.3,0.75,180.0
537,FREMONT PASS CO,2009,6.5,0.3,32.4,2.5,1.6,1.8,1.9,1.1,5.2,5.6,0.79,160.0
538,FREMONT PASS CO,2010,6.4,0.4,41.3,3.3,1.3,1.7,4.9,1.1,4.6,9.1,1.15,112.0
539,FREMONT PASS CO,2011,5.6,2.5,7.1,1.4,1,1.2,3,0.6,2.7,5.3,0.67,193.0
540,FREMONT PASS CO,2012,5.2,6.3,15,3.3,3,3.1,1.3,2.9,4.6,6.9,1.4,81.0
541,FREMONT PASS CO,2013,5.5,3.2,13,2.5,2.2,1.3,5.7,2,4.6,7.9,0.5,114.0
542,FREMONT PASS CO,2014,6.6,0.3,33.9,3.3,2.8,2.5,3.9,1.4,5.6,6.4,0.97,188.0
543,FREMONT PASS CO,2015,6.1,0.8,3.2,0.8,0.7,<0.1,3,0.8,2.1,4.4,<0.2,117.0
544,FREMONT PASS CO,2016,6.1,0.8,9.5,0.8,1.3,0.4,3.4,0.8,2.3,4.4,<0.2,155.0
545,FREMONT PASS CO,2017,5.6,2.5,4,0.8,0.9,0.5,2.1,0.8,2.5,3.9,0.36,168.0
546,FREMONT PASS CO,2018,6.0,1.0,11.9,2.5,1.9,2,4.6,1.7,3.5,5.9,0.96,124.0
571,GARNET CANYON WY,1993,5.2,6.3,3.7,2.5,<3,<0.5,3.9,<1.1,7.5,5,0.3,264.0
572,GARNET CANYON WY,1994,5.2,6.3,<3.1,<1.7,<3,<0.5,4.3,<1.1,4.2,4.6,0.5,190.0
573,GARNET CANYON WY,1995,5.1,7.9,<3.1,<1.7,<3,<0.5,5.4,<1.1,5,7.8,0.4,201.0
574,GARNET CANYON WY,1996,5.4,4.0,<3.1,<1.7,1.3,1.8,1.9,<1.1,3.7,3.7,0.5,290.0
575,GARNET CANYON WY,1997,5.3,5.0,<3.1,<1.7,,0.5,3,1.1,3.1,3.2,,239.0
576,GARNET CANYON WY,1998,5.1,7.9,1.5,0.8,0.9,<0.5,3.5,1.4,3.7,5.8,0.5,178.0
577,GARNET CANYON WY,1999,5.3,5.0,3,0.8,1.7,<0.4,5.5,1.1,5.6,5.4,0.3,175.0
578,GARNET CANYON WY,2000,5.7,2.0,8,2.5,3.4,0.8,5.8,0.8,5.8,6.5,0.7,175.0
579,GARNET CANYON WY,2001,5.3,5.0,6,1.6,2.1,1.2,8.4,<0.6,7.3,10.1,0.7,137.0
580,GARNET CANYON WY,2002,5.4,4.0,5.5,1.6,1.7,1,6.2,1.4,6.9,8.4,0.49,137.0
581,GARNET CANYON WY,2003,6.1,0.8,20.9,4.9,4,3,8.6,1.1,6.9,6.2,0.79,226.0
582,GARNET CANYON WY,2004,5.6,2.5,9.7,2.5,1.2,2.8,4.9,0.8,5.4,7.6,1.43,119.0
583,GARNET CANYON WY,2005,5.8,1.6,8,0.8,11.5,1.2,9.7,1.1,8.7,9.1,0.37,127.0
584,GARNET CANYON WY,2006,5.7,2.0,6.5,1.6,2.1,0.8,6.2,2,4.6,6.6,0.67,190.0
585,GARNET CANYON WY,2007,5.5,3.2,6,1.4,1.4,1.9,5,1.4,4.6,6.4,0.86,109.0
586,GARNET CANYON WY,2008,5.2,6.3,5,0.8,1.1,<0.4,5,0.8,2.5,5.9,0.24,218.0
587,GARNET CANYON WY,2009,6.0,1.0,10.5,2.5,4.7,1.2,6.3,3.9,5.2,6.9,0.67,188.0
588,GARNET CANYON WY,2010,5.1,7.9,3.5,1.6,<1,0.7,6.7,0.8,3.5,7.7,0.72,86.0
589,GARNET CANYON WY,2011,5.5,3.2,6.8,1.9,1.8,1.8,4.9,1.4,4.2,6.6,1.23,239.0
590,GARNET CANYON WY,2012,5.5,3.2,22,4.1,11.7,2.8,7.6,7.3,7.7,6.6,0.9,279.0
591,GARNET CANYON WY,2013,5.5,3.2,9.5,2.5,2.2,1,12.1,2.8,5.6,8.6,0.7,170.0
592,GARNET CANYON WY,2014,6.3,0.5,9.5,2.5,3.6,3.1,9,2.2,4,4.7,1.1,249.0
593,GARNET CANYON WY,2015,5.7,2.0,5.1,1.6,2.7,1.5,5.9,2.3,3.1,4,0.51,180.0
594,GARNET CANYON WY,2016,5.7,2.0,7,1.6,2.6,2.9,5.9,1.7,3.3,4.8,0.6,152.0
595,GARNET CANYON WY,2017,5.7,2.0,3,0.8,1.3,0.5,3.1,0.6,2.1,2.5,0.46,279.0
596,GARNET CANYON WY,2018,5.9,1.3,11.3,2.6,3,1.5,7.1,1.7,3.5,5.2,0.8,147.0
597,GRAND MESA CO,1993,5.0,10.0,<3.1,<1.7,<3,0.5,3.5,<1.1,9.6,5.8,0.4,251.0
598,GRAND MESA CO,1994,5.5,3.2,16.4,4,3.9,6.7,8.9,2.3,12.7,12.4,2.5,117.0
599,GRAND MESA CO,1995,5.2,6.3,9.5,<1.7,<3,0.5,4.7,<1.1,7.5,10.4,0.9,249.0
600,GRAND MESA CO,1996,5.6,2.5,9.8,<1.7,0.9,0.8,3.7,<1.1,6.5,7.6,0.7,165.0
601,GRAND MESA CO,1997,5.1,7.9,7.6,<1.7,,0.5,3,1.1,8.7,8.6,1.3,206.0
602,GRAND MESA CO,1998,5.1,7.9,8,1.6,1.3,0.5,5,1.1,10.2,9.4,0.7,196.0
603,GRAND MESA CO,1999,6.5,0.3,44.3,4,3.4,2.3,7.8,2,12.3,11.8,1.3,168.0
604,GRAND MESA CO,2000,5.2,6.3,11,2.5,1.6,1.4,6.7,1.1,8.7,11.6,0.79,160.0
605,GRAND MESA CO,2001,5.4,4.0,12.9,2.5,2.2,1.2,7.4,<0.6,9.8,14.8,0.7,127.0
606,GRAND MESA CO,2002,6.4,0.4,34.4,5.7,2,3.8,3.7,2,7.5,15.8,1.64,119.0
607,GRAND MESA CO,2003,5.6,2.5,19.9,6.5,3,5.5,8.1,1.7,7.5,13.3,2.17,142.0
608,GRAND MESA CO,2004,5.6,2.5,27,4.9,1.4,7.8,6.4,2.5,10.8,13.9,2.2,102.0
609,GRAND MESA CO,2005,5.5,3.2,6.5,0.8,<1,1.3,5,0.6,5.2,6.4,0.51,221.0
610,GRAND MESA CO,2006,5.9,1.3,17.9,3.3,2.3,1.2,6.3,1.7,7.7,11.6,0.75,137.0
611,GRAND MESA CO,2007,6.0,1.0,23,5.6,2.9,7,2.6,2.5,11.7,13.8,1.87,112.0
612,GRAND MESA CO,2008,5.8,1.6,19.4,3.3,4.3,1.1,3.5,2.3,7.1,8.3,0.58,198.0
613,GRAND MESA CO,2009,6.6,0.3,35.9,4.9,2.5,1.7,5.5,1.7,7.1,8.8,0.78,142.0
614,GRAND MESA CO,2010,5.3,5.0,9,1.6,1,1.1,5.5,0.8,5,8.4,0.5,145.0
615,GRAND MESA CO,2011,6.2,0.6,27.7,4.6,2.2,3.5,6.8,1.1,6.2,7.9,1.54,170.0
616,GRAND MESA CO,2012,5.3,5.0,28.9,5.8,3,4.1,3,2.5,8.7,8.6,1.4,130.0
617,GRAND MESA CO,2013,5.2,6.3,21,4.1,1.3,1.8,6.4,1.1,5,8.6,0.6,114.0
618,GRAND MESA CO,2014,6.1,0.8,22,5.8,3.1,3.8,3.4,2,6.9,9.2,1.5,132.0
619,GRAND MESA CO,2015,5.7,2.0,9,2.5,2.1,1.5,5.3,1.7,4.4,7.2,0.83,119.0
620,GRAND MESA CO,2016,6.5,0.3,27.4,4,3,2.9,3.7,1.4,6.2,6.3,0.62,145.0
621,GRAND MESA CO,2017,5.7,2.0,9.5,2.5,0.9,2.3,3.4,1.1,3.3,3.9,1.37,147.0
622,GRAND MESA CO,2018,6.2,0.6,44.8,6.4,3.8,2.6,9.1,3.1,5.6,9,1.21,74.0
629,GRANITE PASS MT,1993,5.3,5.0,<3.1,<1.7,<3,<0.5,1.8,<1.1,3.3,2.2,0.4,183.0
630,GRANITE PASS MT,1994,5.3,5.0,<3.1,<1.7,<3,0.5,2.2,1.4,3.1,3,0.7,147.0
631,GRANITE PASS MT,1995,5.3,5.0,<3.1,<1.7,<3,<0.5,1.7,<1.1,2.3,2.4,0.5,201.0
632,GRANITE PASS MT,1996,5.4,4.0,<3.1,<1.7,<0.9,1.5,<0.7,<1.1,1.9,1.8,0.9,216.0
633,GRANITE PASS MT,1997,5.3,5.0,<3.1,<1.7,,0.5,0.8,<1.1,1.7,2,0.8,351.0
634,GRANITE PASS MT,1998,5.2,6.3,1,0.8,3,0.8,1,2,2.9,3.2,0.8,150.0
635,GRANITE PASS MT,1999,5.3,5.0,1,<0.2,<1,0.6,1.2,1.1,1.7,2,0.4,292.0
636,GRANITE PASS MT,2000,5.2,6.3,0.5,0.8,<1,<0.4,1.6,<0.6,2.1,2.6,0.8,211.0
637,GRANITE PASS MT,2001,5.4,4.0,5.5,1.6,1.7,1.1,3.7,<0.6,5,5.4,0.9,122.0
638,GRANITE PASS MT,2002,5.5,3.2,1.5,0.8,<1,0.6,1.3,0.6,1.9,2.8,0.48,239.0
639,GRANITE PASS MT,2003,5.2,6.3,3,1.6,<1,0.9,2.3,0.8,1.7,2.4,0.51,251.0
640,GRANITE PASS MT,2004,4.9,12.6,1.8,0.7,1.3,1.1,2.1,1.4,2.1,2.8,0.79,221.0
641,GRANITE PASS MT,2005,5.3,5.0,1,0.8,<1,2.1,<1,1.7,2.1,3.3,1.27,79.0
642,GRANITE PASS MT,2006,5.4,4.0,0.5,<0.2,1.7,0.9,1.7,2.5,1.9,2.4,0.52,257.0
643,GRANITE PASS MT,2007,5.6,2.5,2,0.7,1.6,1.4,<1,2,2.5,1.8,0.74,173.0
644,GRANITE PASS MT,2008,5.3,5.0,2.5,<0.2,1.5,0.6,1.1,1.1,1.9,2.6,0.31,257.0
645,GRANITE PASS MT,2009,5.4,4.0,<0.4,<0.2,<1,1.2,1.7,0.8,1.9,2.6,0.47,140.0
646,GRANITE PASS MT,2010,5.2,6.3,3,0.8,1.1,2.3,2.6,0.8,1.9,2.6,1.55,104.0
647,GRANITE PASS MT,2011,5.3,5.0,2.1,0.6,2.9,1,1.8,0.8,2.1,2.6,0.42,290.0
648,GRANITE PASS MT,2012,4.8,15.8,3.5,3.3,1.7,7.7,<1.1,2.5,2.5,1.9,1,226.0
649,GRANITE PASS MT,2013,4.9,12.6,2.5,<1.6,<0.9,1,2.9,1.1,2.1,4.3,0.5,155.0
650,GRANITE PASS MT,2014,6.0,1.0,4,4.1,1.7,6.1,<0.5,2.4,2.1,<0.2,4,241.0
651,GRANITE PASS MT,2015,5.5,3.2,0.6,0.4,0.7,0.9,1.6,0.8,1,1.3,0.41,145.0
652,GRANITE PASS MT,2016,5.6,2.5,1.5,0.8,1.3,1.7,1.2,1.4,1,0.9,0.73,185.0
653,GRANITE PASS MT,2017,5.4,4.0,2,0.8,1.3,0.7,1.7,1.4,1.5,2.4,0.36,226.0
654,GRANITE PASS MT,2018,5.5,3.2,2.1,1.4,1,1.4,1.9,1.1,1.5,2.1,1,224.0
672,GYPSUM CREEK WY,1993,5.0,10.0,<3.1,<1.7,<3,<0.5,2.5,<1.1,5,7.1,0.3,97.0
673,GYPSUM CREEK WY,1994,5.7,2.0,7.6,1.8,3.9,0.8,6.8,2,6.9,8.8,0.7,79.0
674,GYPSUM CREEK WY,1995,5.1,7.9,5,3.3,<3,3.6,2.9,1.4,7.7,7.8,1.8,81.0
675,GYPSUM CREEK WY,1996,5.2,6.3,<3.1,<1.7,<0.9,<0.5,2.1,<1.1,3.3,4.5,0.5,147.0
676,GYPSUM CREEK WY,1997,5.2,6.3,<3.1,<1.7,,<0.5,2.1,<1.1,2.7,5.9,0.7,130.0
677,GYPSUM CREEK WY,1999,5.3,5.0,5,0.8,1.3,1.7,5,1.4,5,7.4,1,104.0
678,GYPSUM CREEK WY,2000,5.3,5.0,4,1.6,3.4,1.6,3.4,<0.6,4,5.9,0.37,132.0
679,GYPSUM CREEK WY,2001,5.2,6.3,7.5,2.5,1.9,1.6,3.7,<0.6,6.2,11.7,1.2,66.0
680,GYPSUM CREEK WY,2002,5.3,5.0,6.5,1.6,3.1,0.5,7.3,1.4,6.9,10.9,0.23,104.0
681,GYPSUM CREEK WY,2003,6.2,0.6,20.9,4,8.7,0.8,7.2,2.8,10,6.7,0.68,117.0
682,GYPSUM CREEK WY,2004,5.4,4.0,4.6,1.5,<1,0.4,2.5,1.1,3.1,6.9,0.64,91.0
683,GYPSUM CREEK WY,2005,5.4,4.0,3,0.8,<1,0.8,3,<0.6,3.1,7.1,0.34,84.0
684,GYPSUM CREEK WY,2006,5.3,5.0,2,0.8,<1,2.2,3.5,1.1,2.9,6.3,1.24,117.0
685,GYPSUM CREEK WY,2007,5.3,5.0,7.5,2.2,1.1,5.4,<1,1.7,4.8,6.9,1.74,81.0
686,GYPSUM CREEK WY,2008,5.3,5.0,6.5,0.8,1.1,1.7,4.3,1.1,3.1,7.8,0.86,99.0
687,GYPSUM CREEK WY,2009,5.9,1.3,10,2.5,4.9,1.9,4.3,4.5,4.4,7,0.82,104.0
688,GYPSUM CREEK WY,2010,5.1,7.9,5,1.6,<1,1.4,3.3,0.6,2.5,10.1,0.84,51.0
689,GYPSUM CREEK WY,2011,5.5,3.2,4.4,1.3,<1,1.6,3.9,0.6,2.5,5.2,1.05,130.0
690,GYPSUM CREEK WY,2012,5.2,6.3,7,<1.6,3.9,1.8,7.4,1.9,4,4.4,0.8,114.0
691,GYPSUM CREEK WY,2013,5.2,6.3,5.5,2.5,0.9,2,7.2,1.4,3.3,6.4,1,84.0
692,GYPSUM CREEK WY,2014,5.9,1.3,4.5,0.8,1.2,0.9,4.9,1.3,2.3,3.5,0.39,201.0
693,GYPSUM CREEK WY,2015,5.5,3.2,2.8,0.9,1,0.8,4,1.1,2.1,4.1,0.36,104.0
694,GYPSUM CREEK WY,2016,5.7,2.0,6,1.6,2.6,1.4,4,1.1,2.7,5,0.8,84.0
695,GYPSUM CREEK WY,2017,5.5,3.2,4,1.6,0.9,1.1,3,1.1,2.3,4.6,1.05,145.0
696,GYPSUM CREEK WY,2018,5.9,1.3,7.1,1.7,3.3,1.7,6.7,1.7,4.4,5.7,0.69,117.0
704,HOPEWELL NM,1993,4.9,12.6,<3.1,<1.7,<3,<0.5,3.2,1.1,10.2,6.8,0.3,196.0
705,HOPEWELL NM,1994,5.1,7.9,8,<1.7,<3,1.3,4.3,2,9.4,8.7,0.8,130.0
706,HOPEWELL NM,1995,5.4,4.0,7,<1.7,<3,0.8,5.2,<1.1,6.5,7.1,0.7,183.0
707,HOPEWELL NM,1995,,,,,,,,,,,,183.0
708,HOPEWELL NM,1996,6.2,0.6,31.4,4,2.6,3.8,6.3,1.4,11,20.1,1.9,104.0
709,HOPEWELL NM,1997,5.1,7.9,9.3,<1.7,,1,3.5,1.1,8.5,11.4,0.7,147.0
710,HOPEWELL NM,1998,5.0,10.0,13.4,1.6,2.6,0.8,5.2,2,11.5,12.9,0.8,130.0
711,HOPEWELL NM,1999,5.7,2.0,26.9,3.2,3.1,1.2,7.7,2,13.5,17.1,0.9,145.0
712,HOPEWELL NM,2000,5.4,4.0,21.9,3.3,2.6,1.1,4.3,1.1,8.5,13.2,0.8,102.0
713,HOPEWELL NM,2001,5.0,10.0,8,0.8,2.4,0.8,6.3,1.1,8.1,14.3,0.5,150.0
714,HOPEWELL NM,2002,5.8,1.6,24.4,4,3,1.5,5,2.5,8.3,17.5,0.52,89.0
715,HOPEWELL NM,2003,6.2,0.6,26.4,3.3,2,1.1,5.4,1.4,7.3,12.1,0.61,124.0
716,HOPEWELL NM,2004,5.2,6.3,10.9,1.7,<1,2.1,4.5,1.1,6.9,11.3,1.09,86.0
717,HOPEWELL NM,2005,5.2,6.3,3.5,<0.2,<1,0.6,2.9,<0.6,4.8,7.6,0.3,155.0
718,HOPEWELL NM,2006,6.5,0.3,45.8,5.7,4.8,3,8.8,3.7,11.9,19.6,1.24,91.0
719,HOPEWELL NM,2007,5.8,1.6,16.5,2.6,2.3,1.8,7.7,2.3,9.2,12.7,0.58,99.0
720,HOPEWELL NM,2008,5.2,6.3,8,0.8,<1,1.1,3.4,0.6,4.6,6.8,0.59,178.0
721,HOPEWELL NM,2009,5.7,2.0,11,1.6,1.4,2.4,4,1.1,7.3,7.6,0.92,135.0
722,HOPEWELL NM,2010,5.5,3.2,10.5,2.5,1.7,5.6,9.1,1.7,6.2,9.8,1.54,155.0
723,HOPEWELL NM,2011,5.8,1.6,20.3,5.8,2.7,9.6,<1,2,6.5,10.9,4.33,99.0
724,HOPEWELL NM,2012,5.4,4.0,32.4,7.4,2.6,7.2,3.7,2.5,7.7,10.5,2.1,114.0
725,HOPEWELL NM,2013,5.5,3.2,13.5,3.3,1.3,4.1,5,1.1,5.2,9.3,1,104.0
726,HOPEWELL NM,2014,6.8,0.2,54.9,8.2,5.8,8.4,6.2,4.2,10.2,14.2,1.8,89.0
727,HOPEWELL NM,2015,5.6,2.5,6.7,1.6,1.7,2.2,6.9,2.5,4.4,7.8,0.45,122.0
728,HOPEWELL NM,2016,5.8,1.6,10.5,1.6,3,4.8,5.9,2,5,8,0.76,97.0
729,HOPEWELL NM,2017,5.7,2.0,6.5,0.8,0.4,1.3,3.7,0.8,3.1,4.8,0.48,160.0
730,HOPEWELL NM,2018,6.3,0.5,30.5,3.6,3.7,1.9,6.6,2.5,6.2,9.1,0.49,51.0
734,KINGS HILL MT,1993,5.2,6.3,5.6,<1.7,<3,0.5,7.2,<1.1,9.2,6.4,0.9,137.0
735,KINGS HILL MT,1994,5.3,5.0,5,<1.7,<3,0.5,7.2,2.5,9,7.4,1.1,140.0
736,KINGS HILL MT,1995,5.4,4.0,5,<1.7,<3,1,7,<1.1,5.6,6.6,1.1,130.0
737,KINGS HILL MT,1996,5.3,5.0,<3.1,<1.7,<0.9,<0.5,3,<1.1,4.2,5.1,0.6,137.0
738,KINGS HILL MT,1997,5.2,6.3,3.7,<1.7,,0.5,3.7,<1.1,5.2,5.6,0.7,216.0
739,KINGS HILL MT,1998,5.2,6.3,4.5,0.8,<0.4,0.5,5.2,0.8,5.2,7.4,0.6,114.0
740,KINGS HILL MT,1999,5.4,4.0,5.5,0.8,<1,0.8,6.8,1.1,5,6.5,0.9,183.0
741,KINGS HILL MT,2000,5.4,4.0,3.5,0.8,<1,0.6,6,<0.6,5,5.7,0.7,104.0
742,KINGS HILL MT,2001,5.2,6.3,7,1.6,1.3,2.3,7.4,<0.6,9.6,10.1,1.4,107.0
743,KINGS HILL MT,2002,5.6,2.5,10,1.6,<1,1.5,7.8,0.8,4.6,8.9,0.81,112.0
744,KINGS HILL MT,2003,5.5,3.2,7,2.5,2.3,1.2,7,1.1,5.8,8.4,0.89,102.0
745,KINGS HILL MT,2004,5.1,7.9,4.1,0.7,<1,1.1,4.8,0.8,4.2,7.1,0.86,127.0
746,KINGS HILL MT,2005,5.2,6.3,7,1.6,2.1,1.7,6.9,1.7,5.6,8.9,0.94,71.0
747,KINGS HILL MT,2006,5.5,3.2,2.5,0.8,<1,1.1,5,1.4,3.3,5.9,0.86,130.0
748,KINGS HILL MT,2007,6.1,0.8,6.8,1.8,2,2.5,14,2.3,6,8.1,1.02,122.0
749,KINGS HILL MT,2008,5.6,2.5,12,1.6,<1,0.6,6,1.1,4,6.2,0.71,112.0
750,KINGS HILL MT,2009,5.3,5.0,4,0.8,<1,1.2,4.7,0.8,4.6,5.9,0.83,109.0
751,KINGS HILL MT,2010,5.1,7.9,7,1.6,2.1,2.9,7.3,1.4,6,7.4,2.23,124.0
752,KINGS HILL MT,2011,5.3,5.0,3.3,0.8,1.4,0.5,4.5,0.8,3.3,4.6,1.27,150.0
753,KINGS HILL MT,2012,4.8,15.8,4,<1.6,<0.9,1.3,5.7,0.8,1.7,4.3,0.6,152.0
754,KINGS HILL MT,2013,5.7,2.0,4.5,<1.6,<0.9,<0.5,6.4,0.8,3.7,8.6,0.4,137.0
755,KINGS HILL MT,2014,6.1,0.8,8,2.5,0.9,1,5,0.6,3.1,4.1,0.52,157.0
756,KINGS HILL MT,2015,5.5,3.2,2,0.4,1.6,0.4,3.8,0.8,2.7,3.1,<0.2,140.0
757,KINGS HILL MT,2016,5.5,3.2,1,<0.2,0.9,0.6,5.4,0.6,1.7,3.9,0.24,122.0
758,KINGS HILL MT,2017,5.5,3.2,2,0.8,0.4,0.3,4.4,<0.6,2.1,3.8,0.29,99.0
759,KINGS HILL MT,2018,5.7,2.0,4,0.9,1.3,0.4,4.5,0.8,2.5,3.6,0.31,145.0
772,LAKE IRENE CO,1993,5.0,10.0,<3.1,<1.7,<3,<0.5,2.5,<1.1,6.5,5.3,0.4,196.0
773,LAKE IRENE CO,1994,5.0,10.0,6.5,<1.7,<3,<0.5,2.5,1.7,6.9,10.4,0.6,196.0
774,LAKE IRENE CO,1995,5.0,10.0,3.1,<1.7,<3,<0.5,3.7,<1.1,7.1,9.6,0.6,150.0
775,LAKE IRENE CO,1996,5.2,6.3,3.1,<1.7,2.2,1.3,2,<1.1,5.8,5.4,0.9,170.0
776,LAKE IRENE CO,1997,5.4,4.0,3.2,<1.7,,<0.5,2.9,<1.1,5,8.6,,150.0
777,LAKE IRENE CO,1998,4.8,15.8,2,<0.2,0.4,1.8,2.3,0.8,6.5,10.6,0.4,145.0
778,LAKE IRENE CO,1999,5.5,3.2,12.9,2.5,1.5,1.1,4.9,1.1,6.5,9.4,0.7,183.0
779,LAKE IRENE CO,2000,5.0,10.0,4.5,0.8,<1,0.6,4,<0.6,5.4,9.3,0.6,188.0
780,LAKE IRENE CO,2001,5.1,7.9,6.5,1.6,2.3,0.5,5.5,<0.6,8.3,13,0.5,183.0
781,LAKE IRENE CO,2006,5.6,2.5,9.5,1.6,1.2,1.3,4.7,1.1,6,10.8,0.92,198.0
782,LAKE IRENE CO,2007,5.5,3.2,6.9,1.6,<1,9.2,<1,1.7,5,8.9,1.65,185.0
783,LAKE IRENE CO,2008,5.4,4.0,8.5,0.8,2,0.6,4.7,1.1,5.6,9.6,0.54,218.0
784,LAKE IRENE CO,2009,6.2,0.6,20.4,2.5,1.4,2.1,3.5,0.8,5.8,7.1,1.02,208.0
785,LAKE IRENE CO,2010,5.1,7.9,9,1.6,1.3,1.5,5.7,0.8,4.8,9.4,0.67,173.0
786,LAKE IRENE CO,2011,5.3,5.0,6.1,1.3,<1,1.2,2.5,<0.6,3.7,6.5,0.8,272.0
787,LAKE IRENE CO,2012,5.3,5.0,14,3.3,3.5,4.3,4.2,3.1,7.5,8.3,1.5,137.0
788,LAKE IRENE CO,2013,5.3,5.0,8.5,2.5,0.9,1.8,5.7,1.4,5.4,8.6,0.8,155.0
789,LAKE IRENE CO,2014,5.6,2.5,6.5,1.6,1.4,0.8,4.4,0.8,5,6.5,0.55,254.0
790,LAKE IRENE CO,2015,5.4,4.0,3.1,0.7,0.9,0.6,4.2,0.8,3.3,5.3,0.21,163.0
791,LAKE IRENE CO,2016,5.8,1.6,8,0.8,1.3,1.1,4.7,1.1,3.5,5.6,0.33,211.0
792,LAKE IRENE CO,2017,5.6,2.5,4.5,0.8,0.4,0.7,3.1,0.8,2.7,4.9,0.36,188.0
793,LAKE IRENE CO,2018,5.9,1.3,10.7,2.2,2.8,1.5,6.7,2,4.8,6.5,0.63,206.0
808,LEWIS LAKE DIVIDE WY,1993,5.2,6.3,<3.1,<1.7,<3,<0.5,5.7,1.1,6.2,5.4,0.3,216.0
809,LEWIS LAKE DIVIDE WY,1994,5.6,2.5,<3.1,<1.7,<3,<0.5,10,1.1,5,7.4,0.5,160.0
810,LEWIS LAKE DIVIDE WY,1995,5.1,7.9,<3.1,<1.7,<3,1,5.9,1.1,4.8,6.6,1,216.0
811,LEWIS LAKE DIVIDE WY,1996,5.5,3.2,3.2,<1.7,1.3,<0.5,4.5,1.1,3.7,5,0.6,353.0
812,LEWIS LAKE DIVIDE WY,1997,5.3,5.0,<3.1,<1.7,,<0.5,2.5,<1.1,2.7,3.8,0.6,404.0
813,LEWIS LAKE DIVIDE WY,1998,5.2,6.3,1.5,<0.2,0.9,<0.5,5.9,1.1,3.5,6.3,0.4,221.0
814,LEWIS LAKE DIVIDE WY,1999,5.2,6.3,2.5,<0.2,2,0.4,7.4,1.4,4.4,5.4,0.4,333.0
815,LEWIS LAKE DIVIDE WY,2000,5.7,2.0,6,1.6,3.6,0.4,8.2,0.8,5.2,6.6,,226.0
816,LEWIS LAKE DIVIDE WY,2001,5.4,4.0,3,0.8,1.1,<0.4,10.6,<0.6,5.4,9.8,0.4,173.0
817,LEWIS LAKE DIVIDE WY,2002,5.5,3.2,4,0.8,1.6,<0.4,5.7,0.8,4.4,6,0.35,208.0
818,LEWIS LAKE DIVIDE WY,2003,5.5,3.2,3.5,0.8,1.3,<0.4,8.5,0.8,3.7,6.1,0.37,226.0
819,LEWIS LAKE DIVIDE WY,2004,5.5,3.2,4.4,0.6,3,<0.4,4.9,0.8,5.2,5.7,<0.2,236.0
820,LEWIS LAKE DIVIDE WY,2005,5.4,4.0,1,<0.2,<1,<0.4,8.2,<0.6,4,6.2,<0.2,211.0
821,LEWIS LAKE DIVIDE WY,2006,5.4,4.0,<0.4,<0.2,<1,<0.4,4.7,0.6,2.3,3.9,<0.2,264.0
822,LEWIS LAKE DIVIDE WY,2007,5.8,1.6,4.1,0.5,1.3,<0.4,8.6,1.1,4.2,5.6,0.23,203.0
823,LEWIS LAKE DIVIDE WY,2008,5.7,2.0,4.5,<0.2,1.1,<0.4,7.7,1.1,2.7,5.2,0.24,249.0
824,LEWIS LAKE DIVIDE WY,2009,5.7,2.0,2.5,<0.2,1.7,<0.4,7.6,0.8,3.1,5.3,0.29,193.0
825,LEWIS LAKE DIVIDE WY,2010,5.5,3.2,7,1.6,5,<0.4,9.6,2.5,6.2,8.2,0.22,137.0
826,LEWIS LAKE DIVIDE WY,2011,5.5,3.2,3.6,0.7,2,<0.4,5.7,0.8,2.9,4.9,0.33,264.0
827,LEWIS LAKE DIVIDE WY,2012,5.8,1.6,15.5,2.5,7.8,0.8,10.7,3.3,4.8,4,0.3,229.0
828,LEWIS LAKE DIVIDE WY,2013,5.5,3.2,3.5,<1.6,<0.9,<0.5,10.7,0.8,3.1,5.7,0.3,196.0
829,LEWIS LAKE DIVIDE WY,2014,6.5,0.3,17.5,1.6,9.3,0.5,10.9,4.2,6.2,4.3,0.25,262.0
830,LEWIS LAKE DIVIDE WY,2015,5.8,1.6,2,0.4,1.3,0.1,8,1.1,2.9,4.6,<0.2,183.0
831,LEWIS LAKE DIVIDE WY,2016,6.0,1.0,4,<0.2,5.7,0.3,6.3,2.3,3.5,3.6,<0.2,198.0
832,LEWIS LAKE DIVIDE WY,2017,5.7,2.0,1,<0.2,0.9,0.1,4.5,0.6,1.5,2.9,0.3,305.0
833,LEWIS LAKE DIVIDE WY,2018,6.0,1.0,3.9,0.9,2.1,0.3,10.9,1.4,2.7,4,0.25,274.0
834,LIONSHEAD MT,1993,5.1,7.9,5.6,<1.7,<3,3.1,19.6,3.1,16.4,12.5,1.1,185.0
835,LIONSHEAD MT,1994,5.5,3.2,6,<1.7,<3,0.8,20.3,3.4,11,13.6,0.8,104.0
836,LIONSHEAD MT,1995,5.1,7.9,3.5,<1.7,<3,0.8,9.7,1.4,7.5,8.5,0.7,196.0
837,LIONSHEAD MT,1996,5.5,3.2,5.1,<1.7,2.2,4.3,9.8,2,6.9,9.1,1.7,170.0
838,LIONSHEAD MT,1997,5.4,4.0,3.2,<1.7,,1.5,7,1.7,5,7.9,1.2,231.0
839,LIONSHEAD MT,1998,5.0,10.0,2.5,0.8,1.3,<0.5,10.5,2.3,7.1,11,0.5,145.0
840,LIONSHEAD MT,1999,5.4,4.0,3.5,0.8,1.4,0.5,18.1,2,7.3,10.9,0.4,224.0
841,LIONSHEAD MT,2000,5.4,4.0,6.5,2.5,3.7,6,14.4,1.7,9.6,14.8,1.15,137.0
842,LIONSHEAD MT,2001,5.2,6.3,4.5,0.8,1.2,0.9,14.3,1.1,7.7,15.7,0.8,112.0
843,LIONSHEAD MT,2002,5.4,4.0,3.5,0.8,<1,1.1,13.9,1.1,5.8,10.8,0.41,150.0
844,LIONSHEAD MT,2003,5.7,2.0,9,2.5,2.3,1.6,22.6,1.7,9.8,18.3,0.61,145.0
845,LIONSHEAD MT,2004,5.0,10.0,4,1,1.8,2,9.6,1.7,7.7,10,0.95,170.0
846,LIONSHEAD MT,2005,5.3,5.0,3.5,0.8,<1,1.7,12.2,0.8,6,9.8,0.6,122.0
847,LIONSHEAD MT,2006,5.7,2.0,1.5,0.8,<1,0.7,9.9,1.1,3.7,7.4,0.48,163.0
848,LIONSHEAD MT,2007,5.9,1.3,11.5,2.1,2.2,1.4,13.1,2.3,6.7,10.9,0.72,152.0
849,LIONSHEAD MT,2008,5.3,5.0,6,0.8,1.1,0.8,12,1.1,4.2,8.9,0.52,203.0
850,LIONSHEAD MT,2009,5.8,1.6,4,0.8,1.2,1.5,11,1.4,4.4,8.9,0.7,147.0
851,LIONSHEAD MT,2010,5.7,2.0,10,2.5,7.6,1,13.6,3.7,8.5,12.5,0.64,119.0
852,LIONSHEAD MT,2011,5.5,3.2,4.8,1.3,2.3,0.7,10.4,1.7,4.8,7.9,0.64,178.0
853,LIONSHEAD MT,2012,5.4,4.0,14,4.1,4.3,1,16.3,2.9,6.5,9.6,1.2,145.0
854,LIONSHEAD MT,2013,5.3,5.0,6.5,1.6,1.3,1,17.1,2.5,5,11.4,0.8,137.0
855,LIONSHEAD MT,2014,6.3,0.5,12.5,1.6,3.4,0.8,15,3.3,5.2,9.1,0.5,152.0
856,LIONSHEAD MT,2015,6.0,1.0,9.3,1.6,3.2,1.3,10.9,2.5,4.6,7.2,0.47,117.0
857,LIONSHEAD MT,2016,5.9,1.3,5,0.8,3.9,0.9,9.4,3.1,4,5.9,0.22,157.0
858,LIONSHEAD MT,2017,5.9,1.3,8.5,1.6,7.4,0.8,8.5,3.9,5.2,6.7,0.45,188.0
859,LIONSHEAD MT,2018,5.9,1.3,6.3,1.5,3.2,1.1,11.2,2.3,3.1,7.2,0.51,173.0
869,LOCH VALE FOREST CO,1994,5.0,10.0,8.5,2.5,<3,1.3,6.8,1.4,10.6,14.8,1,244.0
870,LOCH VALE FOREST CO,1995,5.0,10.0,8.6,2,<3,2.6,6.2,1.4,9.8,12.9,1.8,203.0
871,LOCH VALE FOREST CO,1997,5.0,10.0,5.6,<1.7,,0.5,1.9,<1.1,7.3,10,0.8,320.0
872,LOCH VALE FOREST CO,1998,5.1,7.9,4.5,0.8,0.4,<0.5,4.4,0.8,8.1,11.3,0.6,264.0
873,LOCH VALE FOREST CO,1999,5.4,4.0,17.4,3.2,2.3,1.6,6.7,1.7,10,14.1,1.3,231.0
874,LOCH VALE FOREST CO,2000,5.0,10.0,8,1.6,1.5,0.6,6.7,0.8,8.1,12,0.47,231.0
875,LOCH VALE FOREST CO,2001,5.2,6.3,11,2.5,2.3,2.8,6,1.1,10,14.6,1.9,193.0
876,LOCH VALE FOREST CO,2002,5.2,6.3,13.4,2.5,2.1,1,5.7,1.7,7.9,19.3,0.74,152.0
877,LOCH VALE FOREST CO,2003,5.2,6.3,12.5,3.3,2.5,2,6.9,2.3,8.5,10.4,1.01,325.0
878,LOCH VALE FOREST CO,2004,5.2,6.3,9.7,1.5,<1,2.1,9.4,0.8,7.9,14.4,0.76,218.0
879,LOCH VALE FOREST CO,2005,5.2,6.3,5.5,0.8,1.1,0.9,6.3,0.6,6.9,10.9,0.4,241.0
880,LOCH VALE FOREST CO,2006,6.0,1.0,14.4,1.6,1.3,0.6,4.9,1.1,6.9,10.8,0.73,259.0
881,LOCH VALE FOREST CO,2007,5.3,5.0,8.7,1.6,1.2,1.5,4.7,1.4,6.2,11.4,0.83,216.0
882,LOCH VALE FOREST CO,2008,5.6,2.5,11.5,1.6,3.7,1,5.4,1.7,6.9,10.7,0.67,310.0
883,LOCH VALE FOREST CO,2009,6.1,0.8,16.9,1.6,1.5,1,2.9,0.8,5.6,7.5,0.74,251.0
884,LOCH VALE FOREST CO,2010,5.4,4.0,13.4,3.3,1.6,2.2,8.9,1.4,7.3,12,1.47,239.0
885,LOCH VALE FOREST CO,2011,6.0,1.0,8.3,1.6,1.2,0.9,3.8,0.6,4.6,7.6,1.02,348.0
886,LOCH VALE FOREST CO,2012,5.5,3.2,14.5,4.1,2.6,1,8.6,1.9,5.4,8.1,0.9,203.0
887,LOCH VALE FOREST CO,2013,5.4,4.0,10,2.5,1.7,0.8,9.3,1.7,6.9,10.7,0.7,170.0
888,LOCH VALE FOREST CO,2014,6.0,1.0,12,2.5,1.6,1.1,5,1,5.2,7.2,0.41,333.0
889,LOCH VALE FOREST CO,2015,5.6,2.5,6.8,1.2,1.3,1.3,5.4,1.1,5.2,8.6,0.78,254.0
890,LOCH VALE FOREST CO,2016,5.6,2.5,6,0.8,1.3,1.4,5.2,0.8,3.7,6.9,0.37,264.0
891,LOCH VALE FOREST CO,2017,5.5,3.2,4.5,0.8,0.9,1.6,3.9,0.8,3.5,5.4,0.67,315.0
892,LOCH VALE FOREST CO,2018,6.1,0.8,13.6,2.5,3.7,1,8,2.5,5.6,7.3,0.58,244.0
893,LOCH VALE MEADOW CO,1993,5.0,10.0,<3.1,<1.7,<3,<0.5,3.9,<1.1,7.7,7.4,0.4,198.0
894,LOCH VALE MEADOW CO,1996,5.1,7.9,4.5,<1.7,1.3,<0.5,2.2,1.1,6,8,0.5,211.0
895,LOCH VALE MEADOW CO,1999,5.3,5.0,9,0.8,1.4,0.5,4.4,1.1,6.5,9.4,0.3,173.0
896,LOCH VALE MEADOW CO,2000,5.0,10.0,5,1.6,1.2,<0.4,4.7,0.8,6.9,9.1,<0.2,173.0
897,LOCH VALE MEADOW CO,2001,5.2,6.3,8.5,1.6,1.8,0.5,7.3,3.7,9.2,13.3,0.5,142.0
898,LOCH VALE MEADOW CO,2002,5.2,6.3,2.5,0.8,<1,<0.4,3,0.8,1.7,8.1,<0.2,109.0
899,LOCH VALE MEADOW CO,2003,5.8,1.6,14.4,2.5,1.1,<0.4,6.2,0.6,6,9.5,0.27,236.0
900,LOCH VALE MEADOW CO,2004,5.3,5.0,7,1.2,<1,0.9,5.7,0.8,5.8,11.5,0.49,302.0
901,LOCH VALE MEADOW CO,2005,5.3,5.0,3.5,<0.2,<1,<0.4,4.4,<0.6,4.6,8.4,<0.2,152.0
902,LOCH VALE MEADOW CO,2006,6.3,0.5,20.4,2.5,1.3,<0.4,3.8,1.1,5.8,10.1,0.27,173.0
903,LOCH VALE MEADOW CO,2007,5.3,5.0,6.6,1.1,1.2,0.5,4.9,0.8,5.4,9.9,0.31,178.0
904,LOCH VALE MEADOW CO,2008,6.0,1.0,16.4,2.5,7,0.6,7.4,2.8,9.6,11.2,0.49,244.0
905,LOCH VALE MEADOW CO,2009,6.2,0.6,14.9,1.6,<1,<0.4,3.3,<0.6,4.2,5.7,0.28,185.0
906,LOCH VALE MEADOW CO,2010,5.9,1.3,15.9,1.6,1.2,0.5,6,0.8,5.4,7.9,0.4,165.0
907,LOCH VALE MEADOW CO,2011,5.6,2.5,10,1.6,1.1,0.5,5.8,<0.6,5.6,8.3,0.45,244.0
908,LOCH VALE MEADOW CO,2012,5.5,3.2,9.5,2.5,1.3,0.8,8.1,1.2,3.7,7,0.4,99.0
909,LOCH VALE MEADOW CO,2013,5.4,4.0,9.5,2.5,1.7,<0.5,9.3,1.7,6,10,0.4,99.0
910,LOCH VALE MEADOW CO,2014,6.2,0.6,19.5,2.5,1.8,1.2,4.5,1,5,6.7,0.42,259.0
911,LOCH VALE MEADOW CO,2015,,,,,,,,,,,,124.0
912,LOCH VALE MEADOW CO,2016,5.8,1.6,5.5,0.8,1.3,0.3,5,0.6,3.5,5.4,<0.2,168.0
913,LOCH VALE MEADOW CO,2017,5.4,4.0,2.5,<0.2,0.4,0.2,3.3,0.6,2.9,4.2,0.22,218.0
914,LOCH VALE MEADOW CO,2018,6.1,0.8,10.8,1.8,3,0.6,7.2,2,5.2,6.2,0.52,142.0
920,LOVELAND PASS CO,1993,5.1,7.9,3.7,<1.7,<3,<0.5,2.5,1.4,6.2,7.6,0.3,190.0
921,LOVELAND PASS CO,1994,5.4,4.0,12.9,4,5.2,4.9,4.7,4.2,6.7,11.4,5.7,150.0
922,LOVELAND PASS CO,1995,5.2,6.3,7.5,<1.7,<3,0.8,3.4,1.7,5,8.4,1,188.0
923,LOVELAND PASS CO,1996,5.4,4.0,7,<1.7,2.2,<0.5,1.7,1.7,5,6.9,0.5,292.0
924,LOVELAND PASS CO,1997,5.4,4.0,6.4,<1.7,,<0.5,2.3,2,5.4,7.9,,259.0
925,LOVELAND PASS CO,1998,5.2,6.3,7.5,1.6,2.6,<0.5,1.8,2.3,4.8,9.2,0.5,168.0
926,LOVELAND PASS CO,1999,5.2,6.3,10,1.6,2.3,1,4,2.3,5.2,12.5,0.5,239.0
927,LOVELAND PASS CO,2000,5.2,6.3,7,2.5,2.2,0.5,2.9,2,4.8,7.8,0.39,188.0
928,LOVELAND PASS CO,2001,5.8,1.6,13.4,3.3,2.4,0.5,5.9,2,6,9.2,0.29,190.0
929,LOVELAND PASS CO,2001,5.3,5.0,10,2.5,2.5,<0.4,3.9,2,6,11.1,0.5,190.0
930,LOVELAND PASS CO,2002,5.7,2.0,24.9,7.3,4.8,0.7,6.2,6.8,7.5,24.5,0.75,130.0
931,LOVELAND PASS CO,2003,5.7,2.0,12.5,3.3,2.7,0.9,5,2.5,5.2,9.4,0.64,201.0
932,LOVELAND PASS CO,2004,5.2,6.3,3.7,1.2,1.1,<0.4,5.2,2.3,3.7,8.4,0.4,145.0
933,LOVELAND PASS CO,2005,5.3,5.0,4.5,1.6,2.7,0.5,3.3,3.4,3.1,7.2,0.42,160.0
934,LOVELAND PASS CO,2006,7.2,0.1,79.3,4.9,5.9,1.1,4.3,4.5,8.3,13.8,,211.0
935,LOVELAND PASS CO,2007,5.3,5.0,5.6,1.2,1.9,0.4,2.7,2.5,3.7,8.6,0.37,188.0
936,LOVELAND PASS CO,2008,5.6,2.5,9,1.6,2.7,<0.4,3.3,2.8,3.3,6.5,0.21,211.0
937,LOVELAND PASS CO,2009,6.5,0.3,28.9,2.5,2.1,0.7,3.2,2.3,4.8,6,0.53,160.0
938,LOVELAND PASS CO,2010,6.7,0.2,47.3,4,2.4,0.8,3.2,3.7,4.2,6.7,0.52,117.0
939,LOVELAND PASS CO,2011,5.5,3.2,4.1,1.2,1.3,<0.4,4.4,1.4,2.9,5.8,0.25,249.0
940,LOVELAND PASS CO,2012,5.5,3.2,16.5,4.9,7,1.3,4.9,7.3,5.2,6.4,1.1,104.0
941,LOVELAND PASS CO,2013,5.5,3.2,10.5,2.5,3,0.5,5,3.4,4.4,7.1,0.4,147.0
942,LOVELAND PASS CO,2014,6.3,0.5,27.4,3.3,3.2,0.6,6,2.3,7.9,6.4,0.23,244.0
943,LOVELAND PASS CO,2015,5.5,3.2,3.1,1.6,1.8,0.2,3.5,2.5,2.3,4.8,<0.2,145.0
944,LOVELAND PASS CO,2016,5.9,1.3,7.5,0.8,2.6,0.7,3.7,2.5,2.5,4.7,<0.2,180.0
945,LOVELAND PASS CO,2017,5.6,2.5,3.5,0.8,1.7,0.2,2.6,2.5,2.3,4.5,<0.2,206.0
946,LOVELAND PASS CO,2018,5.8,1.6,8.5,2.4,4.7,1.3,5.2,5.1,3.1,5.5,0.68,157.0
968,MOLAS LAKE CO,1993,5.1,7.9,<3.1,<1.7,<3,<0.5,1.4,<1.1,6.2,5,0.2,163.0
969,MOLAS LAKE CO,1994,5.7,2.0,10.5,<1.7,<3,9.7,3.9,3.4,6.2,8.1,2.8,170.0
970,MOLAS LAKE CO,1995,5.3,5.0,8,<1.7,<3,<0.5,3,<1.1,5.4,8.9,0.6,213.0
971,MOLAS LAKE CO,1996,6.4,0.4,23.9,2.5,1.7,1.3,3.4,<1.1,5.4,7.2,0.6,163.0
972,MOLAS LAKE CO,1997,5.5,3.2,12.3,<1.7,,0.5,2.2,<1.1,5.6,9.3,0.9,193.0
973,MOLAS LAKE CO,1998,5.2,6.3,9,0.8,0.4,<0.5,2.4,1.1,6.2,8.9,0.3,140.0
974,MOLAS LAKE CO,1999,6.4,0.4,34.4,2.5,3.5,0.7,4.2,2.3,8.1,9.9,0.3,119.0
975,MOLAS LAKE CO,2000,5.2,6.3,7.5,1.6,1.1,0.6,2.9,<0.6,4,8.9,0.6,137.0
976,MOLAS LAKE CO,2001,5.3,5.0,8,0.8,1.3,0.5,2.7,<0.6,5.4,10.6,0.51,165.0
977,MOLAS LAKE CO,2002,6.3,0.5,25.4,2.5,3.7,1.3,2.6,3.7,4.4,10.8,0.35,89.0
978,MOLAS LAKE CO,2003,5.8,1.6,20.4,4,10.1,6.5,4,10.2,5.6,10.6,1.28,89.0
979,MOLAS LAKE CO,2004,5.5,3.2,9.3,1.6,3.8,1.6,3.5,4.5,5,9.1,1.1,99.0
980,MOLAS LAKE CO,2005,5.2,6.3,3.5,<0.2,1.2,0.6,2.5,0.8,3.3,6.2,<0.2,198.0
981,MOLAS LAKE CO,2006,6.0,1.0,26.4,3.3,2.4,0.7,4.7,2.8,5,12.8,0.81,178.0
982,MOLAS LAKE CO,2007,6.5,0.3,40.9,3.6,2.7,0.9,3.9,2.3,7.1,12.1,0.41,127.0
983,MOLAS LAKE CO,2008,5.7,2.0,4,<0.2,<1,<0.4,1.4,0.6,2.1,5.1,<0.2,208.0
984,MOLAS LAKE CO,2009,6.5,0.3,27.9,3.3,1.2,0.7,3.5,0.8,4.4,7.4,0.39,160.0
985,MOLAS LAKE CO,2010,5.3,5.0,4.5,0.8,1.5,0.6,3.2,1.1,2.1,6.4,0.34,147.0
986,MOLAS LAKE CO,2011,5.7,2.0,14.1,2,2.1,1,2.8,1.1,4.2,8,0.49,152.0
987,MOLAS LAKE CO,2012,5.6,2.5,23,3.3,2.2,1,5.4,1.7,4.6,8.5,0.5,142.0
988,MOLAS LAKE CO,2013,5.9,1.3,25.9,3.3,1.3,0.5,3.5,1.4,3.5,7.1,0.5,132.0
989,MOLAS LAKE CO,2014,6.3,0.5,18.5,2.5,1.6,0.7,4.8,1.3,4,7.5,0.41,173.0
990,MOLAS LAKE CO,2015,5.6,2.5,5,0.9,1.5,0.6,3.2,1.4,2.3,4.6,0.28,112.0
991,MOLAS LAKE CO,2016,6.6,0.3,30.9,2.5,3,0.6,2.9,2.3,2.9,5.6,<0.2,117.0
992,MOLAS LAKE CO,2017,5.5,3.2,5,0.8,0.4,0.4,2.2,0.8,2.3,4.4,0.28,216.0
993,MOLAS LAKE CO,2018,6.3,0.5,26.6,3.1,2.6,0.8,6.4,2,5.4,7.9,0.58,132.0
994,MONARCH PASS CO,1993,5.2,6.3,5.6,<1.7,<3,<0.5,2.9,<1.1,6.2,7,0.2,135.0
995,MONARCH PASS CO,1994,5.9,1.3,19.9,3.3,<3,4.9,5.7,2.8,9,11.7,2.7,107.0
996,MONARCH PASS CO,1995,5.6,2.5,16.4,<1.7,<3,0.5,4.4,<1.1,6.5,10.1,0.8,170.0
997,MONARCH PASS CO,1996,5.9,1.3,11.6,2.2,,,2.3,<1.1,6,7.3,0.7,185.0
998,MONARCH PASS CO,1997,5.5,3.2,6.6,<1.7,,<0.5,1.6,<1.1,4,5.9,,127.0
999,MONARCH PASS CO,1998,5.0,10.0,5.5,0.8,0.9,<0.5,3.2,1.4,6.9,10.3,0.7,130.0
1000,MONARCH PASS CO,1999,5.7,2.0,16.9,2.5,1.8,0.6,5.3,1.7,5.8,11.4,0.5,130.0
1001,MONARCH PASS CO,2000,5.9,1.3,18.9,4,2.7,0.8,5.4,1.1,8.1,10.6,0.9,127.0
1002,MONARCH PASS CO,2001,5.4,4.0,7,1.6,1,0.6,5.7,<0.6,5.4,9.7,0.9,112.0
1003,MONARCH PASS CO,2002,6.5,0.3,51.4,6.5,2.9,3.9,5.7,3.1,8.3,22.8,1.82,66.0
1004,MONARCH PASS CO,2003,5.3,5.0,12,4,1.2,1.7,5.2,1.4,5,10.5,0.75,135.0
1005,MONARCH PASS CO,2004,4.8,15.8,11.2,3,<1,6.1,4,2,4.8,7.8,2,81.0
1006,MONARCH PASS CO,2005,5.9,1.3,15.9,2.5,1.7,0.7,4,1.4,4.8,7.3,0.24,157.0
1007,MONARCH PASS CO,2006,6.6,0.3,38.8,4.9,2.5,1.6,5.2,2.8,6.5,8.9,0.79,155.0
1008,MONARCH PASS CO,2007,6.4,0.4,26.3,6.5,2.8,19.5,<1,5.1,9,6.9,3.6,117.0
1009,MONARCH PASS CO,2008,5.0,10.0,18.4,3.3,4.9,1,2.4,2.3,6.2,5.7,0.37,173.0
1010,MONARCH PASS CO,2009,6.4,0.4,18.9,2.5,2.3,2.3,5,2.5,4.4,6.9,0.62,112.0
1011,MONARCH PASS CO,2010,5.7,2.0,14.9,3.3,1.7,3.3,6.2,2,4.4,7.7,1.12,163.0
1012,MONARCH PASS CO,2011,6.4,0.4,28.9,3.7,2.7,1.8,3.2,2.3,4.4,6.4,1.02,157.0
1013,MONARCH PASS CO,2012,5.6,2.5,25.4,5.8,5.2,4.1,4.4,6.1,5.2,7.1,1.4,102.0
1014,MONARCH PASS CO,2013,5.6,2.5,15.5,3.3,1.7,1,5,2.8,4.4,7.1,0.7,102.0
1015,MONARCH PASS CO,2014,6.4,0.4,22,4.1,4,3.5,1.3,3.6,4.8,6.1,1.2,178.0
1016,MONARCH PASS CO,2015,6.0,1.0,9.3,2,2.5,1.1,4.4,2.3,3.3,4.6,0.3,135.0
1017,MONARCH PASS CO,2016,6.2,0.6,16.9,5.7,4.3,14.3,11.1,4.8,7.1,4.7,1.56,137.0
1018,MONARCH PASS CO,2017,5.8,1.6,12,1.6,1.3,1.2,2.8,1.7,3.1,3.6,0.49,175.0
1019,MONARCH PASS CO,2018,6.0,1.0,21.1,4.2,3.9,2.1,5.1,4.2,5.6,7.5,0.72,102.0
1032,MOUNT BELMONT MT,1997,4.9,12.6,3.7,<1.7,,1.5,3.3,<1.1,5.2,4.8,1.6,137.0
1033,MOUNT BELMONT MT,1998,5.1,7.9,5.5,1.6,0.9,2,3.2,1.4,4.8,8.4,1.3,86.0
1034,MOUNT BELMONT MT,1999,5.3,5.0,5.5,0.8,<1,1,3.3,1.1,5.4,4.6,0.8,124.0
1035,MOUNT BELMONT MT,2000,5.0,10.0,2.5,0.8,<1,0.7,3.9,0.6,4.2,5.6,0.76,61.0
1036,MOUNT BELMONT MT,2001,5.1,7.9,9.5,2.5,2.6,2.9,4.5,1.7,11.2,12.6,1.94,58.0
1037,MOUNT BELMONT MT,2002,5.2,6.3,5,1.6,<1,4.3,6.5,1.1,5,9.5,1.46,64.0
1038,MOUNT BELMONT MT,2003,5.4,4.0,7.5,2.5,1.3,2.3,8.9,0.8,5.6,7.4,1.85,91.0
1039,MOUNT BELMONT MT,2004,5.3,5.0,7.3,1.8,3,3.2,5.9,2.5,5.2,8.3,1.83,69.0
1040,MOUNT BELMONT MT,2005,5.0,10.0,3.5,1.6,<1,2.6,3,1.7,6.9,9.7,2.18,30.0
1041,MOUNT BELMONT MT,2006,6.5,0.3,9.5,19.5,1.4,13.2,21.7,2.8,5.6,7.4,3.64,76.0
1042,MOUNT BELMONT MT,2007,5.5,3.2,13.8,4.8,2.4,9,<1,3.1,7.9,6.5,3.33,46.0
1043,MOUNT BELMONT MT,2008,5.3,5.0,9.5,1.6,1.5,1.6,6,1.7,4.4,6.6,1.58,74.0
1044,MOUNT BELMONT MT,2009,5.5,3.2,4,1.6,1.2,8.3,1.6,1.4,4.6,4.8,1.63,71.0
1045,MOUNT BELMONT MT,2010,5.0,10.0,8,3.3,1.6,3.5,11.9,1.7,8.5,14.6,2.6,76.0
1046,MOUNT BELMONT MT,2011,5.5,3.2,6.2,2.1,9.3,6.1,1.4,2.3,4.6,5.4,3.86,99.0
1047,MOUNT BELMONT MT,2012,4.8,15.8,5.5,<1.6,1.3,0.8,7,1.3,3.5,5.2,0.7,109.0
1048,MOUNT BELMONT MT,2013,5.1,7.9,5,1.6,<0.9,1.5,7.2,1.1,4,7.1,1.3,71.0
1049,MOUNT BELMONT MT,2014,5.7,2.0,5.5,0.8,1,1.2,2.9,0.9,2.5,3.6,0.72,175.0
1050,MOUNT BELMONT MT,2015,5.4,4.0,2.2,0.7,0.6,1.5,4.9,0.8,2.9,4.4,0.55,74.0
1051,MOUNT BELMONT MT,2016,5.4,4.0,2,<0.2,0.9,1.5,3,0.8,2.1,4.1,0.81,89.0
1052,MOUNT BELMONT MT,2017,6.0,1.0,11,4,0.9,2.5,5,0.8,3.3,5.1,0.7,109.0
1053,MOUNT BELMONT MT,2018,5.5,3.2,3.5,1.2,1.2,2.5,3.8,1.1,2.3,4.1,1.13,180.0
1095,NOISY BASIN MT,1993,5.1,7.9,<3.1,<1.7,<3,<0.5,4.7,<1.1,6.5,5.6,0.5,259.0
1096,NOISY BASIN MT,1994,5.1,7.9,<3.1,<1.7,<3,0.5,5.7,1.4,5.4,6.1,0.9,208.0
1097,NOISY BASIN MT,1995,5.2,6.3,<3.1,<1.7,<3,0.5,4,<1.1,3.3,4.1,0.9,254.0
1098,NOISY BASIN MT,1996,5.2,6.3,<3.1,<1.7,,9.7,2.8,<1.1,3.1,4.2,0.6,231.0
1099,NOISY BASIN MT,1997,5.2,6.3,<3.1,<1.7,,0.5,2.1,1.1,3.7,4.7,,495.0
1100,NOISY BASIN MT,1998,5.2,6.3,3.5,0.8,1.3,<0.5,3.8,1.1,4.2,6,0.5,307.0
1101,NOISY BASIN MT,1999,5.2,6.3,1,<0.2,<1,<0.4,4.3,0.8,3.3,4.7,0.4,371.0
1102,NOISY BASIN MT,2000,5.1,7.9,1,0.8,<1,<0.4,4.2,<0.6,3.5,5.8,0.5,302.0
1103,NOISY BASIN MT,2001,5.0,10.0,3,0.8,1.4,0.6,4.2,<0.6,6.7,8.9,0.7,203.0
1104,NOISY BASIN MT,2002,5.2,6.3,1.5,0.8,<1,0.7,5,0.8,3.1,6.2,0.45,274.0
1105,NOISY BASIN MT,2003,5.2,6.3,2.5,1.6,1,0.6,5.3,0.8,3.3,6,0.42,239.0
1106,NOISY BASIN MT,2004,5.1,7.9,<0.4,<0.2,<1,<0.4,3,0.6,3.3,5.5,0.39,302.0
1107,NOISY BASIN MT,2005,5.2,6.3,<0.4,<0.2,<1,<0.4,3.5,2.3,4,5,<0.2,160.0
1108,NOISY BASIN MT,2006,5.3,5.0,<0.4,<0.2,1,1.3,3.9,1.4,2.7,4.6,0.74,335.0
1109,NOISY BASIN MT,2007,5.3,5.0,1.7,0.5,1.3,0.5,3.2,1.7,4,4.9,0.39,284.0
1110,NOISY BASIN MT,2008,5.2,6.3,5,0.8,1.5,0.8,4.5,1.4,4.8,5.3,0.41,302.0
1111,NOISY BASIN MT,2009,5.3,5.0,<0.4,<0.2,<1,<0.4,3.2,0.6,3.3,4.1,0.27,300.0
1112,NOISY BASIN MT,2010,5.3,5.0,2,0.8,1.3,<0.4,4.2,0.8,2.9,4.2,0.52,244.0
1113,NOISY BASIN MT,2011,5.2,6.3,1.2,0.4,<1,0.7,2.9,<0.6,2.3,3.2,0.46,381.0
1114,NOISY BASIN MT,2012,5.0,10.0,2.5,<1.6,1.3,<0.5,5.8,1.6,3.7,4.9,0.4,320.0
1115,NOISY BASIN MT,2013,5.0,10.0,2.5,<1.6,0.9,<0.5,5.7,1.1,3.5,5,0.4,300.0
1116,NOISY BASIN MT,2014,5.4,4.0,2,<0.8,0.8,0.7,3.5,0.9,2.9,3.8,0.41,284.0
1117,NOISY BASIN MT,2015,5.4,4.0,0.4,0.2,0.5,0.3,2.3,0.6,1.5,2.1,0.26,264.0
1118,NOISY BASIN MT,2016,5.4,4.0,1,<0.2,1.3,1.1,3.5,1.1,1.7,3.4,1.15,323.0
1119,NOISY BASIN MT,2017,5.4,4.0,1,<0.2,0.9,0.3,2.9,0.8,2.1,3.5,0.3,274.0
1120,NOISY BASIN MT,2018,5.5,3.2,1.5,0.6,1,0.3,3.2,0.8,1.9,3.4,0.37,358.0
1122,OLD BATTLE WY,1993,5.0,10.0,<3.1,<1.7,<3,,4.3,<1.1,10.2,7.8,0.5,224.0
1123,OLD BATTLE WY,1994,5.4,4.0,9.5,2.5,<3,1.8,6.8,1.7,11.7,13.2,1.4,221.0
1124,OLD BATTLE WY,1995,4.9,12.6,7,<1.7,<3,1.5,6.3,1.4,10.8,12.1,1.1,211.0
1125,OLD BATTLE WY,1996,5.2,6.3,7.3,<1.7,2.2,1,3.3,1.1,7.3,9,0.8,221.0
1126,OLD BATTLE WY,1997,5.0,10.0,5.2,<1.7,,<0.5,3,1.1,8.3,10.7,0.7,269.0
1127,OLD BATTLE WY,1998,4.8,15.8,4,0.8,1.3,<0.5,3.9,1.1,9.6,11.8,0.5,231.0
1128,OLD BATTLE WY,1999,5.1,7.9,8,1.6,1.8,0.8,5.5,1.7,9,11.4,0.5,196.0
1129,OLD BATTLE WY,2000,4.9,12.6,5,1.6,1.2,0.5,4.9,0.8,7.5,10.8,0.46,239.0
1130,OLD BATTLE WY,2001,5.1,7.9,9,2.5,4.9,0.8,7,1.7,12.1,16.1,0.7,203.0
1131,OLD BATTLE WY,2002,5.2,6.3,9,1.6,2.7,<0.4,5.2,1.1,7.5,13.1,0.39,201.0
1132,OLD BATTLE WY,2003,5.3,5.0,10,2.5,2.5,2.3,7.9,1.1,8.7,11.6,0.79,254.0
1133,OLD BATTLE WY,2004,5.3,5.0,11.7,3.5,<1,2.7,5,1.7,10,14.3,1.44,198.0
1134,OLD BATTLE WY,2005,5.2,6.3,4.5,0.8,2.2,0.5,4,<0.6,5.6,7.1,0.25,249.0
1135,OLD BATTLE WY,2006,5.2,6.3,10,2.5,2.3,0.7,5.5,1.7,7.7,13.1,0.52,249.0
1136,OLD BATTLE WY,2007,5.5,3.2,13.5,2.6,1.7,0.7,4.2,1.4,7.7,12.1,0.45,168.0
1137,OLD BATTLE WY,2008,5.2,6.3,10,1.6,1.9,1.6,2.8,1.4,6.2,11.5,0.75,221.0
1138,OLD BATTLE WY,2009,6.1,0.8,16.4,3.3,3.8,1.5,6.5,1.4,8.1,10.2,0.79,224.0
1139,OLD BATTLE WY,2010,5.2,6.3,7.5,1.6,1.5,1.1,6.2,0.8,6.9,9.4,0.81,246.0
1140,OLD BATTLE WY,2011,5.6,2.5,10.4,2.1,1.9,1.6,4.9,0.8,6.5,8.5,0.71,305.0
1141,OLD BATTLE WY,2012,5.8,1.6,25.9,5.8,7.8,2.6,8.6,5.4,8.7,10.4,0.8,165.0
1142,OLD BATTLE WY,2013,5.5,3.2,17.5,3.3,2.6,3.1,7.2,2.3,8.1,12.1,1.1,173.0
1143,OLD BATTLE WY,2014,5.7,2.0,19.5,3.3,5.2,2.3,8.4,3,8.5,10.1,0.78,226.0
1144,OLD BATTLE WY,2015,5.5,3.2,9.5,1.9,2.1,1.1,7.8,1.1,6.2,8.1,0.52,155.0
1145,OLD BATTLE WY,2016,6.0,1.0,10,1.6,3,0.5,5.7,1.4,5,6.4,<0.2,203.0
1146,OLD BATTLE WY,2017,5.8,1.6,11,1.6,1.7,0.5,4.5,1.1,4.8,5.8,0.35,239.0
1147,OLD BATTLE WY,2018,5.9,1.3,17.4,3.3,4.8,1.4,8.5,2.8,6.9,8.8,0.74,178.0
1212,RABBIT EARS 1 CO,1993,4.8,15.8,<0.4,<0.2,1.1,<0.4,4.7,<1.1,11.2,10.5,<0.4,292.0
1213,RABBIT EARS 1 CO,1994,4.9,12.6,10,2,2.6,<0.4,6.2,2.3,12.3,14.2,0.5,236.0
1214,RABBIT EARS 1 CO,1995,5.0,10.0,5,<0.2,1.7,1.1,5.9,1.1,12.1,10.1,0.8,211.0
1215,RABBIT EARS 1 CO,1996,5.0,10.0,5,<0.2,1.1,0.9,3,<1.1,7.9,8,1.6,292.0
1216,RABBIT EARS 1 CO,1997,5.0,10.0,4.8,<1.7,,0.5,3.2,<1.1,9,9.3,0.7,259.0
1217,RABBIT EARS 1 CO,1998,4.7,20.0,3.5,0.8,0.4,<0.5,5.2,0.8,9.6,12.7,0.6,226.0
1218,RABBIT EARS 1 CO,1999,5.0,10.0,5,2.5,1.8,1,7.2,1.4,9.8,10.9,0.8,188.0
1219,RABBIT EARS 1 CO,2000,5.0,10.0,6,1.6,1.2,0.6,5.4,<0.6,8.5,11.1,0.38,259.0
1220,RABBIT EARS 1 CO,2001,5.2,6.3,7,1.6,2.8,<0.4,6.2,<0.6,10.2,13.7,0.48,226.0
1221,RABBIT EARS 1 CO,2002,5.0,10.0,8,1.6,1.4,0.8,4.9,1.1,8.5,14.8,0.8,221.0
1222,RABBIT EARS 1 CO,2003,5.1,7.9,8,3.3,1.9,3.1,8.2,1.1,8.5,12.3,1.07,193.0
1223,RABBIT EARS 1 CO,2004,4.9,12.6,4.2,0.8,<1,0.7,4.9,0.6,7.9,13,0.29,213.0
1224,RABBIT EARS 1 CO,2005,5.2,6.3,4.5,0.8,1.3,0.4,4.7,0.6,7.1,8.6,<0.2,244.0
1225,RABBIT EARS 1 CO,2006,5.3,5.0,7.5,1.6,1.7,0.5,5,1.1,7.1,11,0.41,282.0
1226,RABBIT EARS 1 CO,2007,5.1,7.9,10.1,1.6,<1,1.3,4.2,0.8,6.9,9.8,0.4,190.0
1227,RABBIT EARS 1 CO,2008,5.4,4.0,11.5,1.6,3.1,0.7,3.8,1.4,7.7,10.4,0.5,264.0
1228,RABBIT EARS 1 CO,2009,6.4,0.4,26.9,2.5,2.7,1.1,6.2,0.8,8.5,8.4,0.57,292.0
1229,RABBIT EARS 1 CO,2010,5.0,10.0,7.5,1.6,1.2,1.5,6.5,1.1,9.4,12.1,0.86,201.0
1230,RABBIT EARS 1 CO,2011,5.5,3.2,7.1,2.1,1.1,1.5,6.4,<0.6,5.6,7.5,0.85,335.0
1231,RABBIT EARS 1 CO,2012,5.6,2.5,22.5,4.1,7.4,1.3,8.6,5,9.4,10.1,0.5,180.0
1232,RABBIT EARS 1 CO,2013,5.3,5.0,11.5,2.5,1.7,0.8,8.6,1.4,7.1,10.7,0.5,201.0
1233,RABBIT EARS 1 CO,2014,6.0,1.0,16.5,3.3,7.8,3.1,8.1,3.7,11.5,8.7,0.84,318.0
1234,RABBIT EARS 1 CO,2015,5.4,4.0,5.9,1.3,1.2,0.6,6.7,0.8,6.2,7.1,0.28,180.0
1235,RABBIT EARS 1 CO,2016,5.7,2.0,7,0.8,1.7,0.5,6.3,1.4,5.4,6.5,0.22,264.0
1236,RABBIT EARS 1 CO,2017,5.3,5.0,4,0.8,0.9,1,3.1,0.8,4.2,5.4,0.73,188.0
1237,RABBIT EARS 1 CO,2018,6.0,1.0,11.2,3,3.6,2.2,7.1,2.3,6,6.8,1.12,216.0
1238,RABBIT EARS 2 CO,1993,4.9,12.6,<0.4,<0.2,<1,<0.4,5,<1.1,10.2,10.3,<0.4,269.0
1239,RABBIT EARS 2 CO,1994,4.9,12.6,10,2,3.8,<0.4,6.2,1.7,11.7,14,0.4,221.0
1240,RABBIT EARS 2 CO,1995,4.9,12.6,5,<0.2,1,0.6,6.4,<1.1,12.5,11.8,0.8,208.0
1241,RABBIT EARS 2 CO,1996,5.1,7.9,5,<1.7,1.3,1.3,3.2,1.1,8.3,8.8,0.8,284.0
1242,RABBIT EARS 2 CO,1997,4.9,12.6,<0.4,<0.2,<1,<0.4,2.9,<1.1,9.6,7.1,0.7,249.0
1243,RABBIT EARS 2 CO,1998,4.7,20.0,<0.4,<0.2,<1,<0.4,4.4,<1.1,10,11.7,0.5,239.0
1244,RABBIT EARS 2 CO,1999,5.0,10.0,8,1.6,1.7,1.2,6.2,1.4,10,12,1,196.0
1245,RABBIT EARS 2 CO,2000,4.9,12.6,6,1.6,1.8,0.7,5.7,0.8,9.4,12.5,0.57,277.0
1246,RABBIT EARS 2 CO,2001,5.0,10.0,6.5,0.8,2.7,<0.4,5.3,<0.6,9.4,13.8,0.4,216.0
1247,RABBIT EARS 2 CO,2002,5.0,10.0,7,2.5,1,<0.4,5.3,1.1,7.9,13.8,0.47,201.0
1248,RABBIT EARS 2 CO,2003,5.0,10.0,7.5,2.5,1.9,1.4,6.4,0.8,8.1,12,1.1,193.0
1249,RABBIT EARS 2 CO,2005,5.1,7.9,4,0.8,1.2,0.5,4.2,0.6,7.3,8.9,0.31,239.0
1250,RABBIT EARS 2 CO,2006,5.3,5.0,9,1.6,2,0.5,5.3,1.4,7.9,12.1,0.2,292.0
1251,RABBIT EARS 2 CO,2007,5.2,6.3,6.4,1.4,1,0.9,4.7,0.8,7.1,11.1,0.57,190.0
1252,RABBIT EARS 2 CO,2008,5.3,5.0,11,1.6,2.7,0.7,5.3,2,7.5,11.3,0.4,254.0
1253,RABBIT EARS 2 CO,2009,6.6,0.3,37.4,4,2.6,1.2,6.8,0.8,9.2,8.3,0.65,282.0
1254,RABBIT EARS 2 CO,2010,5.0,10.0,8.5,2.5,1.3,1,6.9,1.1,9.4,12.9,0.44,203.0
1255,RABBIT EARS 2 CO,2011,5.3,5.0,6.6,1.5,1.3,0.7,4.9,<0.6,7.5,8.7,0.57,353.0
1256,RABBIT EARS 2 CO,2012,5.4,4.0,22,4.1,6.5,1,8.2,5.1,9.6,10.1,0.5,180.0
1257,RABBIT EARS 2 CO,2013,5.3,5.0,11.5,2.5,1.7,0.8,9.3,1.7,8.3,11.4,0.5,198.0
1258,RABBIT EARS 2 CO,2014,6.0,1.0,14.5,2.5,4.7,1.1,7.8,2.5,9,8.1,0.49,300.0
1259,RABBIT EARS 2 CO,2015,5.4,4.0,5.6,1.4,1.1,0.7,5.7,0.8,5.8,6.9,0.43,173.0
1260,RABBIT EARS 2 CO,2016,5.6,2.5,5.5,0.8,1.7,0.5,5.4,1.1,5.2,6.6,0.24,262.0
1261,RABBIT EARS 2 CO,2017,5.4,4.0,4,0.8,0.9,0.6,3.7,0.8,4.4,5.9,0.37,201.0
1262,RABBIT EARS 2 CO,2018,6.0,1.0,14.1,3.4,5.7,2.1,7.1,3.1,7.3,7.1,1.1,203.0
1263,RED MOUNTAIN MT,1993,5.3,5.0,<3.1,<1.7,<3,<0.5,5.4,<1.1,6.2,4.2,0.6,124.0
1264,RED MOUNTAIN MT,1994,5.6,2.5,8.9,2.2,<3,1.8,6,1.4,6,7.1,1.4,109.0
1265,RED MOUNTAIN MT,1995,5.4,4.0,3.5,<1.7,<3,<0.5,5.4,<1.1,4.2,5.6,0.8,155.0
1266,RED MOUNTAIN MT,1996,5.5,3.2,<3.1,<1.7,<0.9,0.8,1.6,<1.1,2.7,4.1,0.6,109.0
1267,RED MOUNTAIN MT,1997,5.3,5.0,3.7,<1.7,,0.5,4.5,<1.1,3.5,6.5,1.1,198.0
1268,RED MOUNTAIN MT,1998,5.1,7.9,2.5,0.8,2.2,<0.5,3.8,0.8,3.5,5.8,0.6,216.0
1269,RED MOUNTAIN MT,1999,5.5,3.2,4.5,0.8,1.1,0.6,6.7,0.8,3.1,5.6,0.6,160.0
1270,RED MOUNTAIN MT,2000,5.3,5.0,3,0.8,<1,<0.4,3.9,<0.6,3.1,6.4,0.8,117.0
1271,RED MOUNTAIN MT,2001,5.5,3.2,8.5,2.5,1.3,0.9,5.5,<0.6,6,9.5,1.1,124.0
1272,RED MOUNTAIN MT,2002,5.3,5.0,4.5,0.8,<1,0.5,4.7,<0.6,2.5,6.1,0.71,122.0
1273,RED MOUNTAIN MT,2003,5.5,3.2,6.5,1.6,2.5,0.8,5.2,0.8,3.7,5.4,0.69,124.0
1274,RED MOUNTAIN MT,2004,5.0,10.0,5.6,0.8,2.6,0.4,6,1.7,5.6,6.4,0.67,137.0
1275,RED MOUNTAIN MT,2005,5.3,5.0,8.5,1.6,<1,1.2,5.8,1.1,4.6,7.9,0.76,69.0
1276,RED MOUNTAIN MT,2006,5.7,2.0,6,0.8,1.7,1.2,7.4,2,4,7.2,1.11,135.0
1277,RED MOUNTAIN MT,2007,5.5,3.2,5.7,0.7,1.1,0.5,3.2,1.1,3.5,4.2,0.45,145.0
1278,RED MOUNTAIN MT,2008,5.6,2.5,11,1.6,<1,1,6.5,1.1,3.3,6,0.88,170.0
1279,RED MOUNTAIN MT,2009,5.4,4.0,2.5,0.8,<1,0.8,3.7,<0.6,3.3,3.6,0.76,137.0
1280,RED MOUNTAIN MT,2010,5.3,5.0,7.5,2.5,3,2.4,6.8,2,6,7.3,1.65,130.0
1281,RED MOUNTAIN MT,2011,5.5,3.2,6,1.5,2.6,1.2,3.9,1.4,2.9,4.7,1.27,150.0
1282,RED MOUNTAIN MT,2012,5.2,6.3,7.5,1.6,2.6,1,6.5,1.3,2.7,4.1,0.8,132.0
1283,RED MOUNTAIN MT,2013,5.2,6.3,8,2.5,0.9,0.8,10.7,1.7,3.5,9.3,0.9,119.0
1284,RED MOUNTAIN MT,2014,5.6,2.5,2.5,<0.8,<0.4,0.5,2.5,0.4,2.1,2.2,0.38,180.0
1285,RED MOUNTAIN MT,2015,5.7,2.0,3.1,0.7,0.9,0.2,3.9,1.1,2.1,3,0.35,97.0
1286,RED MOUNTAIN MT,2016,5.6,2.5,2,<0.2,1.3,0.3,3.5,<0.6,1.7,2.7,0.21,109.0
1287,RED MOUNTAIN MT,2017,5.6,2.5,3.5,0.8,0.9,0.4,3.9,0.8,1.9,3.9,0.37,127.0
1288,RED MOUNTAIN MT,2018,5.7,2.0,4.3,0.9,1.7,0.7,5.3,1.1,2.5,4.4,0.48,224.0
1289,RED MOUNTAIN PASS CO,1993,5.2,6.3,5.6,<1.7,<3,<0.5,2.9,<1.1,6,6.5,0.2,229.0
1290,RED MOUNTAIN PASS CO,1994,5.4,4.0,10.5,<1.7,<3,1.5,3.5,1.4,6,8.6,1.1,157.0
1291,RED MOUNTAIN PASS CO,1995,5.4,4.0,7.1,<1.7,<3,2,3.2,1.1,5.4,7.9,0.9,229.0
1292,RED MOUNTAIN PASS CO,1996,6.3,0.5,21.9,2.5,1.7,1,2.9,1.7,6,7.9,0.9,173.0
1293,RED MOUNTAIN PASS CO,1997,6.1,0.8,24.1,3.9,,2.6,2.4,1.4,7.1,10,0.8,363.0
1294,RED MOUNTAIN PASS CO,1998,5.1,7.9,9.5,1.6,2.6,<0.5,2.2,0.8,6.2,10.1,0.5,190.0
1295,RED MOUNTAIN PASS CO,1999,6.4,0.4,38.3,4,4.7,4.5,5.5,2.8,9.8,12.6,1.4,206.0
1296,RED MOUNTAIN PASS CO,2000,5.2,6.3,8.5,1.6,1.3,0.8,2.4,<0.6,4.6,9.2,0.7,170.0
1297,RED MOUNTAIN PASS CO,2001,5.4,4.0,9,1.6,1.4,1.3,1.9,<0.6,5,9.2,0.9,173.0
1298,RED MOUNTAIN PASS CO,2002,6.5,0.3,37.8,3.3,3,1.4,3.5,2.8,5.2,13.7,0.56,122.0
1299,RED MOUNTAIN PASS CO,2003,5.8,1.6,11.5,2.5,1.1,0.7,2.5,1.1,3.1,6,0.42,180.0
1300,RED MOUNTAIN PASS CO,2004,5.8,1.6,9.2,1,4.1,<0.4,3.2,4.2,3.5,6.5,0.38,140.0
1301,RED MOUNTAIN PASS CO,2005,5.3,5.0,3.5,<0.2,1.1,0.5,2.9,0.8,3.7,5.5,0.25,226.0
1302,RED MOUNTAIN PASS CO,2006,6.0,1.0,17.4,2.5,2.2,1.5,4.5,2.3,5.4,11.6,0.46,221.0
1303,RED MOUNTAIN PASS CO,2007,6.3,0.5,23.4,3.1,1.8,3.4,3.3,2,6.5,9.8,0.65,178.0
1304,RED MOUNTAIN PASS CO,2008,5.5,3.2,23.9,2.5,1.7,1,3.7,1.4,4.2,7,0.4,274.0
1305,RED MOUNTAIN PASS CO,2009,6.5,0.3,30.9,3.3,1.3,1.4,3.7,0.8,4.2,6.4,0.65,178.0
1306,RED MOUNTAIN PASS CO,2010,5.9,1.3,13.9,1.6,1.1,0.8,3.7,1.1,3.3,7.5,0.35,206.0
1307,RED MOUNTAIN PASS CO,2011,6.1,0.8,26.1,4.7,2,1.2,3.9,1.1,5.2,8.2,0.72,221.0
1308,RED MOUNTAIN PASS CO,2012,5.4,4.0,21,4.1,2.6,4.6,1.7,2.7,5.4,7.4,1.1,196.0
1309,RED MOUNTAIN PASS CO,2013,5.2,6.3,11.5,2.5,0.9,0.5,3.5,1.4,3.3,7.9,0.3,160.0
1310,RED MOUNTAIN PASS CO,2014,6.0,1.0,14.5,3.3,1.9,1.9,4.8,1.3,4.4,7.2,0.71,216.0
1311,RED MOUNTAIN PASS CO,2015,5.7,2.0,7.2,1.6,1.9,2.3,4.2,1.4,3.5,4.7,0.42,170.0
1312,RED MOUNTAIN PASS CO,2016,6.4,0.4,30.9,3.3,2.6,1.9,3.2,1.7,4.2,5.4,0.26,193.0
1313,RED MOUNTAIN PASS CO,2017,5.6,2.5,4,0.8,0.4,0.9,2.3,0.8,2.3,3.9,0.3,201.0
1314,RED MOUNTAIN PASS CO,2018,6.1,0.8,17.5,2.7,2,0.5,5.5,1.7,3.3,7.1,0.27,124.0
1315,RENDEZVOUS MOUNTAIN WY,1993,5.8,1.6,4.8,2,<3,<0.5,2.9,<1.1,5.4,3.6,0.2,254.0
1316,RENDEZVOUS MOUNTAIN WY,1994,5.2,6.3,<3.1,<1.7,<3,0.8,3.5,<1.1,4,4.2,0.3,152.0
1317,RENDEZVOUS MOUNTAIN WY,1995,5.2,6.3,<3.1,<1.7,<3,<0.5,3.7,<1.1,4.4,5.6,0.7,249.0
1318,RENDEZVOUS MOUNTAIN WY,1996,5.5,3.2,<3.1,<1.7,1.3,1,2.5,<1.1,3.1,3,0.4,254.0
1319,RENDEZVOUS MOUNTAIN WY,1997,4.9,12.6,5.1,<1.7,,<0.5,3.5,<1.1,3.1,9.3,0.8,366.0
1320,RENDEZVOUS MOUNTAIN WY,1998,5.5,3.2,4.5,3.3,1.7,0.8,3,0.8,4.4,5.1,0.7,173.0
1321,RENDEZVOUS MOUNTAIN WY,1999,5.4,4.0,4,0.8,1.7,<0.4,4.7,1.7,4.6,5.1,0.3,272.0
1322,RENDEZVOUS MOUNTAIN WY,2000,5.5,3.2,5,1.6,1.8,<0.4,4.8,<0.6,4.4,4.9,0.4,211.0
1323,RENDEZVOUS MOUNTAIN WY,2001,5.4,4.0,3,0.8,<1,0.5,6.9,<0.6,5.8,7,0.55,201.0
1324,RENDEZVOUS MOUNTAIN WY,2002,5.5,3.2,4,0.8,1.6,<0.4,6.7,0.8,5,5.9,0.24,239.0
1325,RENDEZVOUS MOUNTAIN WY,2003,5.6,2.5,11,4.9,3.3,0.5,7.3,1.4,5.2,5.1,0.35,279.0
1326,RENDEZVOUS MOUNTAIN WY,2004,5.5,3.2,3.1,0.7,1.2,0.5,4.5,0.8,3.7,4.5,<0.2,244.0
1327,RENDEZVOUS MOUNTAIN WY,2005,5.6,2.5,4,1.6,<1,<0.4,5,0.6,4,4.8,<0.2,198.0
1328,RENDEZVOUS MOUNTAIN WY,2006,5.8,1.6,3,0.8,1.9,<0.4,4.7,1.7,3.5,4.1,0.46,264.0
1329,RENDEZVOUS MOUNTAIN WY,2007,6.2,0.6,8.8,4.4,1.4,<0.4,5.5,0.8,4.4,5.7,0.37,183.0
1330,RENDEZVOUS MOUNTAIN WY,2008,5.3,5.0,5.5,0.8,1,<0.4,6.5,0.8,3.1,4.4,<0.2,272.0
1331,RENDEZVOUS MOUNTAIN WY,2009,6.2,0.6,12.9,2.5,8.3,0.4,5.5,5.9,5.8,4.4,0.34,231.0
1332,RENDEZVOUS MOUNTAIN WY,2010,5.8,1.6,9,2.5,4.6,0.5,6.4,2,5,6.6,0.31,188.0
1333,RENDEZVOUS MOUNTAIN WY,2011,5.6,2.5,4.3,1,1.7,<0.4,5.3,0.8,3.1,3.6,0.29,302.0
1334,RENDEZVOUS MOUNTAIN WY,2012,5.9,1.3,14,4.1,5.2,0.8,7.9,2.5,4.6,3.6,0.3,239.0
1335,RENDEZVOUS MOUNTAIN WY,2013,5.5,3.2,5.5,<1.6,1.3,0.5,7.9,0.8,2.9,4.3,0.2,196.0
1336,RENDEZVOUS MOUNTAIN WY,2014,6.2,0.6,7.5,3.3,1.2,0.6,6.8,0.7,2.5,3.1,0.23,363.0
1337,RENDEZVOUS MOUNTAIN WY,2015,5.7,2.0,4.7,1.5,3.3,0.3,6.2,1.7,3.3,3.4,0.21,259.0
1338,RENDEZVOUS MOUNTAIN WY,2016,6.1,0.8,7,1.6,5.2,0.7,6.7,2.3,4.4,4.3,0.3,328.0
1339,RENDEZVOUS MOUNTAIN WY,2017,5.9,1.3,4,0.8,2.2,0.2,4.5,0.8,3.3,2.6,<0.2,363.0
1340,RENDEZVOUS MOUNTAIN WY,2018,6.1,0.8,9.2,2,3,0.8,7.1,1.4,3.1,4.5,0.33,290.0
1362,SLUMGULLION PASS CO,1993,5.4,4.0,5,<1.7,<3,,1.8,<1.1,5.2,3.8,1.5,94.0
1363,SLUMGULLION PASS CO,1994,5.6,2.5,9.9,2,<3,3.8,2.9,2.5,5.8,7.2,1.9,86.0
1364,SLUMGULLION PASS CO,1995,5.3,5.0,8,<1.7,<3,0.8,2.3,<1.1,4.6,6.5,1,130.0
1365,SLUMGULLION PASS CO,1996,6.1,0.8,18.4,<1.7,1.7,1.3,2,1.4,5.4,6.3,1,112.0
1366,SLUMGULLION PASS CO,1997,5.7,2.0,12.9,<1.7,,1,2.4,1.1,5.6,6.6,0.9,198.0
1367,SLUMGULLION PASS CO,1998,5.1,7.9,7.5,1.6,3.5,0.8,1.9,2.5,6.7,8.9,0.6,91.0
1368,SLUMGULLION PASS CO,1999,5.9,1.3,19.4,2.5,3.1,4.5,4.3,2.8,7.3,9.4,1.1,99.0
1369,SLUMGULLION PASS CO,2000,5.3,5.0,10,1.6,1.9,2.4,2.9,1.1,5.2,7.7,1,102.0
1370,SLUMGULLION PASS CO,2001,5.7,2.0,11.5,3.3,2.3,1.9,2.2,1.1,5.2,7.3,1,119.0
1371,SLUMGULLION PASS CO,2002,6.5,0.3,45.3,4.9,2.7,3.4,2.5,2.3,6.7,12.8,1.24,66.0
1372,SLUMGULLION PASS CO,2003,5.8,1.6,16.4,5.7,3.7,13.3,<1,5.6,4.8,6.8,4.09,74.0
1373,SLUMGULLION PASS CO,2004,5.0,10.0,7.8,2.8,<1,6.4,3.4,1.4,4.8,7.4,2.26,81.0
1374,SLUMGULLION PASS CO,2005,5.4,4.0,5.5,0.8,1.3,1.1,2.3,0.8,3.5,5.1,0.51,140.0
1375,SLUMGULLION PASS CO,2006,6.3,0.5,18.4,1.6,1.4,1.1,2.7,1.4,4,7.1,1.22,135.0
1376,SLUMGULLION PASS CO,2007,6.0,1.0,18.8,2.1,1.5,4.3,<1,2,5.2,6.5,0.96,99.0
1377,SLUMGULLION PASS CO,2008,5.5,3.2,12.9,1.6,1.2,1.2,1.7,1.1,2.7,5.1,0.28,147.0
1378,SLUMGULLION PASS CO,2009,6.4,0.4,20.4,2.5,1.5,2.5,1.6,1.4,3.3,5.4,1.29,84.0
1379,SLUMGULLION PASS CO,2010,6.1,0.8,18.9,2.5,1.4,1.3,2.7,1.1,2.9,5.8,0.57,127.0
1380,SLUMGULLION PASS CO,2011,5.9,1.3,13.4,1.9,1.7,1.3,3,0.8,3.1,5.1,0.79,124.0
1381,SLUMGULLION PASS CO,2012,5.4,4.0,19,4.1,2.2,8.2,3.2,3,4.2,4,1.5,89.0
1382,SLUMGULLION PASS CO,2013,5.5,3.2,18.5,3.3,2.2,3.6,2.9,2.3,3.7,7.1,1.1,84.0
1383,SLUMGULLION PASS CO,2014,5.9,1.3,11.5,2.5,1.3,1.9,3.2,1.3,3.5,5.8,0.88,114.0
1384,SLUMGULLION PASS CO,2015,5.7,2.0,7.8,1.7,1.2,1.7,4.2,1.7,2.7,4.1,0.69,104.0
1385,SLUMGULLION PASS CO,2016,7.3,0.1,228,45.5,4.3,32.2,4.4,3.7,8.3,5.1,1.31,102.0
1386,SLUMGULLION PASS CO,2017,6.1,0.8,11,1.6,4.8,1.7,2.8,5.6,2.3,3.8,0.32,163.0
1387,SLUMGULLION PASS CO,2018,6.3,0.5,20.9,3.3,3.5,1.7,5.8,3.9,4,7.2,0.72,99.0
1390,SNOW BOWL MT,1993,5.4,4.0,<3.1,<1.7,<3,1,3.5,<1.1,5,3.4,0.3,145.0
1391,SNOW BOWL MT,1994,5.1,7.9,<3.1,<1.7,<3,1.5,5,2.5,6.2,6.2,1,157.0
1392,SNOW BOWL MT,1995,5.2,6.3,<3.1,<1.7,<3,<0.5,2.9,<1.1,3.3,3.5,0.8,170.0
1393,SNOW BOWL MT,1996,5.3,5.0,<3.1,<1.7,<0.9,1,1.6,<1.1,2.7,3.1,1.4,231.0
1394,SNOW BOWL MT,1997,5.1,7.9,<3.1,<1.7,,<0.5,1.6,<1.1,2.7,4,0.7,348.0
1395,SNOW BOWL MT,1998,5.1,7.9,0.5,0.8,3.9,<0.5,2,0.8,3.1,4.2,0.6,211.0
1396,SNOW BOWL MT,1999,5.3,5.0,1,<0.2,<1,<0.4,2.3,0.8,2.5,2.8,0.4,241.0
1397,SNOW BOWL MT,2000,5.2,6.3,1,0.8,<1,<0.4,2,<0.6,2.9,3.6,0.5,145.0
1398,SNOW BOWL MT,2001,5.1,7.9,2.5,0.8,1,1.1,2.7,<0.6,5.2,5.6,1,160.0
1399,SNOW BOWL MT,2002,5.3,5.0,1.5,0.8,<1,0.6,3,0.8,3.3,4.4,0.5,267.0
1400,SNOW BOWL MT,2003,5.2,6.3,2,0.8,<1,0.6,2.7,0.8,2.5,3.3,0.47,221.0
1401,SNOW BOWL MT,2004,4.7,20.0,1.6,0.4,<1,0.9,1.7,0.8,2.5,3.4,0.81,198.0
1402,SNOW BOWL MT,2005,5.1,7.9,5,0.8,1.6,1.3,3.5,1.7,4.2,4.7,0.58,117.0
1403,SNOW BOWL MT,2006,5.4,4.0,0.5,<0.2,1.6,0.5,3.2,1.7,2.7,3.4,0.66,234.0
1404,SNOW BOWL MT,2007,5.2,6.3,2.2,0.8,1.4,1.1,<1,2,3.5,3.6,0.72,229.0
1405,SNOW BOWL MT,2008,5.0,10.0,5.5,0.8,1.2,0.7,3.4,1.1,3.1,3.4,0.5,236.0
1406,SNOW BOWL MT,2009,5.3,5.0,<0.4,<0.2,<1,0.5,1.8,0.6,2.3,2.8,0.46,221.0
1407,SNOW BOWL MT,2010,5.2,6.3,2.5,0.8,1.1,1.2,4,0.8,5,3.6,0.58,152.0
1408,SNOW BOWL MT,2011,5.3,5.0,1.5,0.4,1.9,<0.4,2.3,<0.6,2.9,2.9,0.38,284.0
1409,SNOW BOWL MT,2012,4.8,15.8,2,<1.6,1.7,1,4.8,3.3,2.3,2.8,0.4,239.0
1410,SNOW BOWL MT,2013,5.1,7.9,2,<1.6,<0.9,<0.5,3.5,0.8,2.7,3.6,0.3,201.0
1411,SNOW BOWL MT,2014,5.5,3.2,1.5,<0.8,0.9,0.5,3,0.8,2.3,2.7,0.24,287.0
1412,SNOW BOWL MT,2015,5.4,4.0,1,0.4,0.7,0.4,2.3,0.8,1.7,2.4,0.35,218.0
1413,SNOW BOWL MT,2016,5.3,5.0,0.5,<0.2,1.3,0.5,2.6,1.4,1.7,2.7,0.35,190.0
1414,SNOW BOWL MT,2017,5.3,5.0,1,<0.2,0.9,0.3,2.2,1.1,2.3,2.8,<0.2,226.0
1415,SNOW BOWL MT,2018,5.5,3.2,<0.4,0.5,0.8,0.6,3.2,0.8,1.7,2.7,0.43,284.0
1421,SOUTH PASS WY,1993,4.9,12.6,<3.1,<1.7,<3,0.5,2.9,<1.1,9.4,7.1,0.4,117.0
1422,SOUTH PASS WY,1994,5.2,6.3,7.5,<1.7,3,<0.5,5,1.1,10,9.4,0.8,135.0
1423,SOUTH PASS WY,1995,5.0,10.0,5.5,<1.7,<3,<0.5,5.2,<1.1,10.8,10.9,0.9,150.0
1424,SOUTH PASS WY,1996,5.6,2.5,7.5,<1.7,3,2.6,5.2,1.7,7.7,7.9,1.2,152.0
1425,SOUTH PASS WY,1997,5.1,7.9,8,1.9,,0.5,2.6,1.4,9.2,8.6,1.3,165.0
1426,SOUTH PASS WY,1998,4.9,12.6,4,0.8,2.2,<0.5,3,0.8,7.5,9.5,0.5,104.0
1427,SOUTH PASS WY,1999,5.3,5.0,8,0.8,2.6,<0.4,5.2,1.4,7.5,8,0.5,104.0
1428,SOUTH PASS WY,2000,5.1,7.9,6,1.6,<1,<0.4,3.9,1.1,7.5,6.6,0.48,119.0
1429,SOUTH PASS WY,2001,5.0,10.0,6,0.8,1.8,<0.4,5,<0.6,10,14.3,0.7,76.0
1430,SOUTH PASS WY,2002,5.3,5.0,14.9,3.3,5,2.7,7.2,2,15.6,12.5,1.1,102.0
1431,SOUTH PASS WY,2003,5.8,1.6,8.5,2.5,2.5,0.9,6.2,0.6,5.4,4.6,0.76,145.0
1432,SOUTH PASS WY,2004,5.2,6.3,7,1.3,<1,1.8,4.5,0.8,8.1,8.4,0.91,122.0
1433,SOUTH PASS WY,2005,5.1,7.9,5,0.8,<1,1.6,5.4,<0.6,6.5,8.1,0.77,124.0
1434,SOUTH PASS WY,2006,5.1,7.9,7.5,1.6,2.9,0.5,5,1.4,8.7,8.6,,137.0
1435,SOUTH PASS WY,2007,5.6,2.5,13.6,3,2.6,5.2,2.8,1.7,8.1,11,1.83,71.0
1436,SOUTH PASS WY,2008,5.4,4.0,9,1.6,1.4,1.5,3.9,1.1,5.6,7.2,1.38,124.0
1437,SOUTH PASS WY,2009,6.0,1.0,16.9,3.3,4.7,2.7,2.1,2.5,9.4,8.6,1.55,91.0
1438,SOUTH PASS WY,2010,5.4,4.0,11,2.5,2.2,1.4,8.1,1.1,8.5,11.8,0.96,89.0
1439,SOUTH PASS WY,2011,5.8,1.6,12.1,2.8,2,1.7,1.9,0.6,5.8,5.6,1.34,145.0
1440,SOUTH PASS WY,2012,5.1,7.9,15.5,3.3,6.1,3.6,2.7,3.4,5.6,4.6,1.2,109.0
1441,SOUTH PASS WY,2013,5.5,3.2,15.5,5.8,1.7,4.6,5.7,1.4,6.5,8.6,2.3,79.0
1442,SOUTH PASS WY,2014,6.2,0.6,14.5,4.1,1.8,3.7,<0.5,1.6,4.2,4.3,2.4,112.0
1443,SOUTH PASS WY,2015,5.6,2.5,9.5,3.2,1.1,2.1,4.8,1.1,4.2,5.5,1.09,81.0
1444,SOUTH PASS WY,2016,6.0,1.0,14.4,4,2.2,1.9,3,0.8,3.5,4.4,0.96,71.0
1445,SOUTH PASS WY,2017,5.8,1.6,8,1.6,1.3,0.9,2.9,0.8,3.5,4.3,0.53,183.0
1446,SOUTH PASS WY,2018,6.1,0.8,19.1,4,3.1,1.4,6.1,2,4.4,5.6,1.28,97.0
1447,SPRING GULCH MT,1997,5.1,7.9,5.4,<1.7,,1,4,2,5.2,7.1,,94.0
1448,SPRING GULCH MT,1998,5.2,6.3,4,0.8,1.3,<0.5,6.9,0.8,5.4,8.2,0.6,81.0
1449,SPRING GULCH MT,1999,5.6,2.5,7,0.8,<1,1.2,7,1.1,4.8,6.4,0.6,66.0
1450,SPRING GULCH MT,2000,5.4,4.0,9,3.3,<1,8.1,7,<0.6,6.7,6.6,2.1,51.0
1451,SPRING GULCH MT,2001,5.2,6.3,7.5,0.8,1.3,<0.4,5.9,3.9,9.2,13.8,0.9,48.0
1452,SPRING GULCH MT,2002,5.6,2.5,13.4,1.6,<1,1.2,7.7,0.8,3.1,11.9,0.68,61.0
1453,SPRING GULCH MT,2003,5.5,3.2,8,4,<1,10.1,3.9,1.4,4,7.1,3.13,66.0
1454,SPRING GULCH MT,2004,5.0,10.0,4.4,1.1,<1,3.3,8.6,0.8,6.5,9.4,1.35,69.0
1455,SPRING GULCH MT,2005,5.3,5.0,8,2.5,<1,3.3,5.5,1.1,4.4,6.6,1.19,38.0
1456,SPRING GULCH MT,2006,5.8,1.6,9,2.5,<1,4.6,6.9,1.4,3.7,8,2.53,69.0
1457,SPRING GULCH MT,2007,5.6,2.5,5.8,1.5,<1,1.4,3.7,0.6,3.1,7.9,0.58,71.0
1458,SPRING GULCH MT,2008,5.6,2.5,17.4,2.5,1.6,2.4,6.2,1.1,4,6.6,0.81,51.0
1459,SPRING GULCH MT,2009,5.5,3.2,7,2.5,<1,3.9,4.2,0.8,4.2,7.5,2.01,43.0
1460,SPRING GULCH MT,2010,5.3,5.0,6,1.6,1.1,1.1,8.9,0.8,4.4,8.9,0.64,58.0
1461,SPRING GULCH MT,2011,5.4,4.0,8.7,2.2,2.4,2.9,<1,1.7,3.1,6.1,3.65,81.0
1462,SPRING GULCH MT,2012,4.9,12.6,8.5,3.3,<0.9,5.1,<1.1,0.8,2.5,3.5,2.5,76.0
1463,SPRING GULCH MT,2013,5.1,7.9,5.5,<1.6,<0.9,1.3,10,0.8,3.1,8.6,0.9,64.0
1464,SPRING GULCH MT,2014,6.0,1.0,9,2.5,1,3.2,1.7,0.9,3.7,6.2,2.3,56.0
1465,SPRING GULCH MT,2015,5.6,2.5,3.6,1.8,0.5,2.3,5,1.1,2.7,4.7,0.82,43.0
1466,SPRING GULCH MT,2016,5.5,3.2,2.5,0.8,0.4,1.3,4.7,0.6,1.5,5.1,2.53,61.0
1467,SPRING GULCH MT,2017,5.5,3.2,6.5,2.5,0.9,4.6,6.4,1.1,2.5,3.6,2.62,56.0
1468,SPRING GULCH MT,2018,5.5,3.2,3.5,1.3,0.8,2.1,5,0.8,2.5,5.4,1.17,61.0
1473,SUNLIGHT PEAK CO,1993,5.1,7.9,4.3,2.1,<3,0.8,3.2,<1.1,7.1,6.8,0.2,157.0
1474,SUNLIGHT PEAK CO,1994,5.2,6.3,10.5,2.5,<3,2.8,7.2,1.4,8.5,11.5,1.6,127.0
1475,SUNLIGHT PEAK CO,1995,5.2,6.3,6,<1.7,<3,<0.5,4.8,<1.1,7.1,8.1,0.8,211.0
1476,SUNLIGHT PEAK CO,1996,5.5,3.2,12.7,2.3,1.7,2,4.2,1.1,6.9,10.9,0.8,203.0
1477,SUNLIGHT PEAK CO,1997,5.3,5.0,6.1,<1.7,,0.5,2.8,<1.1,6,8.6,0.7,206.0
1478,SUNLIGHT PEAK CO,1998,5.0,10.0,4.5,0.8,1.7,<0.5,4.3,1.1,7.3,9.5,0.4,175.0
1479,SUNLIGHT PEAK CO,1999,6.5,0.3,36.9,2.5,2.1,1.4,4.4,1.1,6.2,8.9,0.6,140.0
1480,SUNLIGHT PEAK CO,2000,5.0,10.0,7.5,1.6,1.3,0.5,4.8,0.8,6.2,9.3,0.46,160.0
1481,SUNLIGHT PEAK CO,2001,5.4,4.0,9,1.6,1.8,0.6,6.5,<0.6,7.3,12.4,0.4,178.0
1482,SUNLIGHT PEAK CO,2002,6.5,0.3,49.3,4,1.6,1.2,5.3,1.1,6.7,14.3,0.52,160.0
1483,SUNLIGHT PEAK CO,2003,5.2,6.3,10,4.9,1.3,2,6.4,1.1,6.5,12.6,1.6,160.0
1484,SUNLIGHT PEAK CO,2004,5.3,5.0,18.5,3.9,<1,5.4,6.4,1.7,9,14.5,2.37,132.0
1485,SUNLIGHT PEAK CO,2005,5.2,6.3,3.5,<0.2,<1,<0.4,3.7,<0.6,3.7,6.2,<0.2,193.0
1486,SUNLIGHT PEAK CO,2006,5.8,1.6,10.5,1.6,2.1,0.5,5.9,1.4,6.7,9.9,0.81,224.0
1487,SUNLIGHT PEAK CO,2007,5.7,2.0,20.8,2.1,1.6,0.9,3.9,1.1,5.8,10.4,0.51,170.0
1488,SUNLIGHT PEAK CO,2008,5.6,2.5,20.4,3.3,4.6,0.7,5.2,2.8,5.8,9.6,0.3,226.0
1489,SUNLIGHT PEAK CO,2009,6.7,0.2,43.8,2.5,3.8,2.4,4.2,1.4,6.2,7.2,0.51,221.0
1490,SUNLIGHT PEAK CO,2010,5.4,4.0,7,1.6,1.2,1.5,4.5,0.8,4.4,8.9,0.4,152.0
1491,SUNLIGHT PEAK CO,2011,5.8,1.6,12.4,2,2,0.8,5.7,0.6,4.8,8.3,0.55,188.0
1492,SUNLIGHT PEAK CO,2012,5.4,4.0,18,3.3,2.2,1,6,1.6,5.2,7.6,0.4,132.0
1493,SUNLIGHT PEAK CO,2013,5.5,3.2,12.5,2.5,<0.9,<0.5,5.7,1.1,3.5,7.9,0.3,155.0
1494,SUNLIGHT PEAK CO,2014,5.9,1.3,10,1.6,2,1.8,6.3,1.2,5,7.3,0.66,201.0
1495,SUNLIGHT PEAK CO,2015,5.8,1.6,8.9,2.1,1.9,1.2,7,1.1,4.2,6.1,0.3,127.0
1496,SUNLIGHT PEAK CO,2016,6.4,0.4,21.9,2.5,3.5,0.7,5.4,1.4,5.6,5.9,0.31,193.0
1497,SUNLIGHT PEAK CO,2017,5.6,2.5,12,1.6,0.9,2.1,4.2,1.1,3.5,6,2.96,142.0
1498,SUNLIGHT PEAK CO,2018,6.5,0.3,24.3,3.1,4,1,6.2,2.5,4.6,6.6,0.53,150.0
1519,SYLVAN LAKE WY,1993,5.2,6.3,<3.1,<1.7,<3,<0.5,3.9,<1.1,7.3,4.9,0.2,160.0
1520,SYLVAN LAKE WY,1994,5.1,7.9,<3.1,<1.7,<3,0.8,7.9,2,5,6.1,0.6,114.0
1521,SYLVAN LAKE WY,1995,5.4,4.0,<3.1,<1.7,<3,<0.5,5.2,<1.1,5,5,0.9,198.0
1522,SYLVAN LAKE WY,1996,5.5,3.2,<3.1,<1.7,1.3,1.5,3,1.1,3.3,3.9,0.8,226.0
1523,SYLVAN LAKE WY,1997,5.3,5.0,<3.1,<1.7,,<0.5,2.2,<1.1,2.3,3.6,0.7,272.0
1524,SYLVAN LAKE WY,1998,5.2,6.3,1.5,0.8,1.7,<0.5,4.4,1.1,3.3,5.8,0.4,147.0
1525,SYLVAN LAKE WY,1999,5.3,5.0,2,<0.2,<1,<0.4,6.7,0.8,4.2,5,0.5,234.0
1526,SYLVAN LAKE WY,2000,5.4,4.0,4,1.6,1.6,0.5,5.8,<0.6,4,5.9,,150.0
1527,SYLVAN LAKE WY,2001,5.1,7.9,1.5,<0.2,<1,<0.4,7,<0.6,5,8.6,0.4,132.0
1528,SYLVAN LAKE WY,2002,5.4,4.0,3,0.8,1.1,<0.4,5.4,0.8,3.3,6.3,0.22,160.0
1529,SYLVAN LAKE WY,2003,5.4,4.0,3,0.8,<1,0.6,5.8,0.6,3.1,5.3,0.47,165.0
1530,SYLVAN LAKE WY,2004,5.4,4.0,2.8,0.4,<1,0.5,4,<0.6,3.1,5,0.57,142.0
1531,SYLVAN LAKE WY,2005,5.4,4.0,1,<0.2,<1,<0.4,6.2,<0.6,3.5,5.1,0.24,145.0
1532,SYLVAN LAKE WY,2006,5.5,3.2,<0.4,<0.2,<1,<0.4,4.4,0.8,2.5,4.4,<0.2,147.0
1533,SYLVAN LAKE WY,2007,5.5,3.2,6.4,0.8,1.3,0.7,4.2,0.8,4.4,5.4,0.44,145.0
1534,SYLVAN LAKE WY,2008,5.6,2.5,4,0.8,<1,0.6,5.4,0.8,2.7,4.9,0.41,178.0
1535,SYLVAN LAKE WY,2009,5.6,2.5,2,0.8,<1,1,6,0.8,3.1,5.1,0.71,140.0
1536,SYLVAN LAKE WY,2010,5.2,6.3,3,0.8,1,<0.4,6.7,0.8,4.2,8.6,0.3,119.0
1537,SYLVAN LAKE WY,2011,5.4,4.0,3.2,0.7,1.5,0.7,3.7,0.6,3.1,5.2,0.71,175.0
1538,SYLVAN LAKE WY,2012,5.4,4.0,7,<1.6,3.5,0.8,6.5,2.1,4,4.1,0.6,157.0
1539,SYLVAN LAKE WY,2013,5.4,4.0,5.5,<1.6,0.9,0.8,6.4,0.8,2.7,4.3,0.4,140.0
1540,SYLVAN LAKE WY,2014,6.2,0.6,9.5,1.6,3.3,1.4,8.3,1.8,4.4,4.8,0.47,188.0
1541,SYLVAN LAKE WY,2015,5.6,2.5,2.4,0.5,1.2,0.5,5.9,1.1,2.7,3.7,0.31,145.0
1542,SYLVAN LAKE WY,2016,5.6,2.5,1.5,<0.2,1.3,0.4,4.7,0.8,2.1,3.6,0.22,140.0
1543,SYLVAN LAKE WY,2017,5.5,3.2,2,0.8,0.9,1.1,3.8,0.6,1.5,3.4,0.64,206.0
1544,SYLVAN LAKE WY,2018,6.0,1.0,5.1,1.2,1,0.6,6.8,0.8,2.1,4,0.4,198.0
1566,TETON PASS WY,1993,5.7,2.0,7.5,2.1,<3,0.8,5.7,3.1,6.9,9.3,0.5,127.0
1567,TETON PASS WY,1994,6.6,0.3,23.9,9,10,5.6,13.2,7.1,11.7,12.4,2.6,155.0
1568,TETON PASS WY,1995,5.7,2.0,8.5,2.5,4.3,1,5.8,2.3,7.1,6.9,1,140.0
1569,TETON PASS WY,1996,5.9,1.3,8.2,2.6,3,2.6,4.2,2.3,4.6,4.9,1,188.0
1570,TETON PASS WY,1997,5.3,5.0,3.1,<1.7,,1,3.5,<1.1,3.7,4,1.3,277.0
1571,TETON PASS WY,1998,5.5,3.2,7,2.5,2.6,0.5,5.3,2.3,4.8,8.4,0.4,124.0
1572,TETON PASS WY,1999,6.4,0.4,11.5,4,4.6,0.6,7.3,2.3,8.3,7.3,0.5,160.0
1573,TETON PASS WY,2000,6.2,0.6,20.9,6.5,4.2,1.2,8.8,2,6.7,7.8,1.2,157.0
1574,TETON PASS WY,2001,6.2,0.6,20.9,10.5,3.9,3,11.8,3.1,9.4,12.5,1.47,130.0
1575,TETON PASS WY,2002,5.7,2.0,8.5,2.5,2.5,1.7,9.3,1.4,6.9,9.2,0.82,155.0
1576,TETON PASS WY,2003,6.2,0.6,23.9,5.7,5,3,9.2,2.5,7.3,8.6,1.62,203.0
1577,TETON PASS WY,2004,6.0,1.0,8.6,2.9,1.6,1.9,5.5,1.4,4.4,6.5,0.72,198.0
1578,TETON PASS WY,2005,5.9,1.3,8.5,2.5,3.9,0.6,8.2,1.4,7.7,7.9,0.52,188.0
1579,TETON PASS WY,2006,5.8,1.6,5,1.6,2.7,1.4,5.7,2.3,4.2,5.1,,269.0
1580,TETON PASS WY,2007,6.0,1.0,8.7,2.9,2,2.6,6.9,1.7,5.2,6.9,0.8,160.0
1581,TETON PASS WY,2008,5.6,2.5,8,1.6,1.6,0.8,9.6,1.7,3.7,6.6,0.33,221.0
1582,TETON PASS WY,2009,6.4,0.4,17.4,4,9.3,2.6,6.4,7.3,5.8,5.7,0.9,175.0
1583,TETON PASS WY,2010,5.9,1.3,11.5,3.3,4.3,2.2,9.1,3.1,5.2,9,0.64,122.0
1584,TETON PASS WY,2011,6.0,1.0,17.2,5.1,2.9,5.2,12.3,2.3,4.4,7.1,3.51,264.0
1585,TETON PASS WY,2012,5.7,2.0,29.9,6.6,16.5,3.1,9.7,10.3,8.3,5.9,1.3,185.0
1586,TETON PASS WY,2013,5.6,2.5,16,5.8,2.6,1.5,11.4,3.4,4.2,7.1,0.7,160.0
1587,TETON PASS WY,2014,6.4,0.4,9.5,1.6,4.9,1.2,8.6,2.5,4.4,5.2,0.52,284.0
1588,TETON PASS WY,2015,5.9,1.3,8.1,2.7,5.4,2.8,6.3,3.1,4.4,4.8,0.78,142.0
1589,TETON PASS WY,2016,6.2,0.6,16.4,5.7,5.7,2.3,5.8,4.2,4.2,4.9,0.76,168.0
1590,TETON PASS WY,2017,5.9,1.3,6,1.6,1.3,2,4.7,2.3,2.3,3.9,0.87,254.0
1591,TETON PASS WY,2018,6.6,0.3,14.2,4,3.8,3.5,7.4,3.4,3.3,5.8,1.17,165.0
1592,TOGWOTEE PASS WY,1993,5.3,5.0,<3.1,<1.7,<3,0.5,2.9,<1.1,4.4,3.9,0.3,170.0
1593,TOGWOTEE PASS WY,1994,5.9,1.3,7.5,<1.7,5.7,0.5,5.7,2.3,7.3,7.8,0.6,155.0
1594,TOGWOTEE PASS WY,1995,5.4,4.0,4,<1.7,<3,<0.5,3.2,<1.1,4.6,4.9,0.5,221.0
1595,TOGWOTEE PASS WY,1996,5.5,3.2,5.3,<1.7,1.7,1.3,2.5,1.1,3.5,4.2,0.7,254.0
1596,TOGWOTEE PASS WY,1997,5.2,6.3,<3.1,<1.7,,<0.5,1.2,<1.1,2.5,1.7,0.8,259.0
1597,TOGWOTEE PASS WY,1998,5.3,5.0,3,0.8,3,<0.5,2.3,1.1,3.5,4.7,0.4,178.0
1598,TOGWOTEE PASS WY,1999,5.4,4.0,3,0.8,<1,0.7,4.2,1.1,3.5,4.6,0.5,175.0
1599,TOGWOTEE PASS WY,2000,5.5,3.2,3.5,0.8,1,<0.4,3.2,<0.6,2.5,4.2,0.43,163.0
1600,TOGWOTEE PASS WY,2001,5.4,4.0,4,0.8,1,0.5,3.5,<0.6,4,7.1,0.5,122.0
1601,TOGWOTEE PASS WY,2002,5.6,2.5,6.5,1.6,2.1,0.9,5.4,1.4,4.8,6.8,0.53,203.0
1602,TOGWOTEE PASS WY,2003,5.7,2.0,9,2.5,2.2,1,5.7,1.1,4.2,5.8,0.69,218.0
1603,TOGWOTEE PASS WY,2004,5.7,2.0,4.6,0.7,1.7,0.8,3.4,0.6,3.5,5,0.48,137.0
1604,TOGWOTEE PASS WY,2005,5.4,4.0,3,0.8,<1,0.8,3.9,0.6,3.1,5.4,0.23,109.0
1605,TOGWOTEE PASS WY,2006,5.4,4.0,3,0.8,1.1,<0.4,3.2,1.1,2.5,4.6,3.84,155.0
1606,TOGWOTEE PASS WY,2007,5.6,2.5,7.2,2.2,<1,5.4,2.7,1.4,3.7,5.1,1.3,122.0
1607,TOGWOTEE PASS WY,2008,5.7,2.0,5.5,0.8,1.3,0.6,5,1.1,2.7,4.1,0.27,254.0
1608,TOGWOTEE PASS WY,2009,6.2,0.6,10.5,1.6,6.8,0.6,4.2,4.5,4.6,4.1,0.41,259.0
1609,TOGWOTEE PASS WY,2010,5.4,4.0,5,1.6,1.3,<0.4,4.4,1.1,3.1,5.5,0.22,150.0
1610,TOGWOTEE PASS WY,2011,5.6,2.5,4.1,0.8,1.7,0.6,3.5,0.8,2.1,4.1,0.34,287.0
1611,TOGWOTEE PASS WY,2012,5.2,6.3,8,1.6,2.6,1,3.2,2.1,7.1,3.4,0.6,203.0
1612,TOGWOTEE PASS WY,2013,5.3,5.0,4.5,<1.6,<0.9,<0.5,5,0.8,2.3,4.3,0.3,165.0
1613,TOGWOTEE PASS WY,2014,6.0,1.0,5.5,0.8,1.9,0.4,4.9,1.1,3.1,4.1,0.24,315.0
1614,TOGWOTEE PASS WY,2015,5.6,2.5,3.2,0.8,2.1,0.6,4.4,1.4,2.3,2.8,<0.2,178.0
1615,TOGWOTEE PASS WY,2016,5.7,2.0,3,<0.2,2.2,0.3,4.9,1.1,1.9,2.9,<0.2,203.0
1616,TOGWOTEE PASS WY,2017,5.8,1.6,4,0.8,2.2,0.4,3,1.1,2.5,3.1,<0.2,262.0
1617,TOGWOTEE PASS WY,2018,5.9,1.3,5,1.2,1.3,0.7,4.9,1.1,2.3,3.5,0.28,257.0
1630,TWENTY-ONE MILE MT,1993,4.9,12.6,<3.1,<1.7,<3,0.8,5,1.7,6.9,7.3,0.4,102.0
1631,TWENTY-ONE MILE MT,1994,5.2,6.3,<3.1,<1.7,<3,0.5,8.2,3.7,5.6,7.1,0.7,89.0
1632,TWENTY-ONE MILE MT,1995,5.1,7.9,<3.1,<1.7,<3,<0.5,5.2,1.4,5,7.3,0.7,155.0
1633,TWENTY-ONE MILE MT,1996,5.5,3.2,4.6,<1.7,1.3,1.5,4.5,1.7,3.5,5.9,1,142.0
1634,TWENTY-ONE MILE MT,1997,5.3,5.0,<3.1,<1.7,,<0.5,3,1.1,2.7,5.4,0.6,213.0
1635,TWENTY-ONE MILE MT,1998,5.1,7.9,1.5,0.8,2.6,<0.5,7,2.3,5.4,9.7,0.5,130.0
1636,TWENTY-ONE MILE MT,1999,5.2,6.3,3.5,0.8,4.8,2.4,10,2,5.2,8.1,0.7,168.0
1637,TWENTY-ONE MILE MT,2000,5.2,6.3,3,0.8,<1,<0.4,7.5,0.6,4.6,9.2,,122.0
1638,TWENTY-ONE MILE MT,2001,5.2,6.3,3.5,0.8,1.1,<0.4,8.2,<0.6,4.4,12.4,0.4,109.0
1639,TWENTY-ONE MILE MT,2002,5.3,5.0,2.5,0.8,<1,0.4,6.9,1.1,3.1,8,0.36,109.0
1640,TWENTY-ONE MILE MT,2003,5.6,2.5,7,1.6,2.3,0.8,8.9,1.7,5.4,9,0.56,94.0
1641,TWENTY-ONE MILE MT,2004,5.1,7.9,6,1.1,1.2,2.8,5.5,1.4,4.4,7.4,1.32,135.0
1642,TWENTY-ONE MILE MT,2005,5.3,5.0,2.5,0.8,<1,1.1,6.7,1.1,3.1,6.6,0.48,84.0
1643,TWENTY-ONE MILE MT,2006,5.5,3.2,1,<0.2,<1,1.1,8,1.4,2.9,6.6,0.81,127.0
1644,TWENTY-ONE MILE MT,2007,6.0,1.0,6.1,1.2,2,0.5,8.8,2.3,4.2,7.6,0.44,114.0
1645,TWENTY-ONE MILE MT,2008,5.3,5.0,4.5,0.8,1.1,<0.4,6.8,1.4,1.7,5.8,0.45,140.0
1646,TWENTY-ONE MILE MT,2009,5.6,2.5,3,0.8,1.7,1,7.6,2.3,2.7,7.1,1,84.0
1647,TWENTY-ONE MILE MT,2010,5.0,10.0,3,0.8,2.3,<0.4,6.4,2.5,3.5,10.7,<0.2,69.0
1648,TWENTY-ONE MILE MT,2011,5.5,3.2,5,1.2,4.5,0.6,5.9,3.1,3.5,5.4,1.79,137.0
1649,TWENTY-ONE MILE MT,2012,5.4,4.0,14.5,2.5,8.3,1.5,8.9,5.4,5.2,6.2,0.9,94.0
1650,TWENTY-ONE MILE MT,2013,5.2,6.3,6,2.5,1.3,1.8,9.3,2.8,3.1,7.1,0.6,99.0
1652,UNIVERSITY CAMP CO,1993,4.9,12.6,4.4,1.9,<3,0.8,5.4,<1.1,10,8.1,0.6,145.0
1653,UNIVERSITY CAMP CO,1994,5.1,7.9,8,<1.7,<3,1.8,6.8,1.4,9.8,10.9,1.6,170.0
1654,UNIVERSITY CAMP CO,1995,5.2,6.3,9,<1.7,<3,0.8,7.6,<1.1,9.4,11.7,1.1,127.0
1655,UNIVERSITY CAMP CO,1995,,,,,,,,,,,,127.0
1656,UNIVERSITY CAMP CO,1996,5.2,6.3,5.5,<1.7,0.9,3.3,4,<1.1,7.5,7.6,0.8,201.0
1657,UNIVERSITY CAMP CO,1997,5.1,7.9,5,<1.7,,0.5,3.9,<1.1,6.9,9.3,1.1,198.0
1658,UNIVERSITY CAMP CO,1998,5.0,10.0,5,1.6,2.2,1,6,1.1,8.5,11.6,0.7,208.0
1659,UNIVERSITY CAMP CO,1999,5.1,7.9,10,1.6,1.7,1.6,6.4,1.4,9.2,12.3,1,178.0
1660,UNIVERSITY CAMP CO,2000,5.0,10.0,9.5,2.5,1.5,1.2,7.5,1.1,9.4,11.7,0.73,216.0
1661,UNIVERSITY CAMP CO,2001,5.0,10.0,8,2.5,2,1.8,9.2,0.8,11.2,15.1,1.5,135.0
1662,UNIVERSITY CAMP CO,2002,5.7,2.0,15.4,2.5,1,1.6,11.3,1.1,7.7,16.2,0.97,51.0
1663,UNIVERSITY CAMP CO,2003,5.2,6.3,10.5,2.5,1,1.1,7.7,0.8,6.7,9.9,0.75,178.0
1664,UNIVERSITY CAMP CO,2004,5.2,6.3,5.9,0.9,<1,1,9,0.8,7.9,12.6,0.56,183.0
1665,UNIVERSITY CAMP CO,2005,5.2,6.3,8,1.6,1.5,1.4,7.4,0.8,7.9,11.1,0.41,147.0
1666,UNIVERSITY CAMP CO,2006,6.6,0.3,35.4,3.3,2.1,1.2,5.7,1.1,8.7,10.6,0.57,165.0
1667,UNIVERSITY CAMP CO,2007,5.3,5.0,6.6,1.4,<1,2.1,5.2,0.8,6.2,10.4,0.98,155.0
1668,UNIVERSITY CAMP CO,2008,5.7,2.0,14.4,1.6,3.9,1.7,6.9,2.3,8.3,11.2,0.64,183.0
1669,UNIVERSITY CAMP CO,2009,6.5,0.3,27.9,2.5,3.4,1.4,6.3,1.4,8.7,8.6,0.86,163.0
1670,UNIVERSITY CAMP CO,2010,5.7,2.0,14.9,2.5,1.5,2.2,7.9,1.1,6.9,9.9,0.84,142.0
1671,UNIVERSITY CAMP CO,2011,5.5,3.2,8,1.6,1.2,1.6,5.7,<0.6,4.8,6.9,0.84,221.0
1672,UNIVERSITY CAMP CO,2012,5.2,6.3,17,4.1,3,2.8,5.9,2.8,6.2,8.5,1.4,119.0
1673,UNIVERSITY CAMP CO,2013,5.2,6.3,14,3.3,2.2,2,10,1.7,7.7,10,1,114.0
1674,UNIVERSITY CAMP CO,2014,6.4,0.4,20,2.5,1.6,1.8,5.9,1.1,6.2,7.5,0.72,208.0
1675,UNIVERSITY CAMP CO,2015,5.7,2.0,8.9,2,2.8,1.8,5.5,1.7,6,7.9,0.6,163.0
1676,UNIVERSITY CAMP CO,2016,5.7,2.0,7.5,1.6,1.3,1.5,6,1.1,4.6,6.4,0.43,165.0
1677,UNIVERSITY CAMP CO,2017,5.5,3.2,6.5,1.6,1.3,1.6,5.1,1.1,4.2,6.2,0.95,168.0
1678,UNIVERSITY CAMP CO,2018,5.9,1.3,15.7,3.9,3.3,3.5,9.3,2.3,6.2,8.6,1.43,150.0
1720,WEST YELLOWSTONE MT,1993,5.2,6.3,<3.1,<1.7,<3,<0.5,5,1.4,4.4,6.9,0.3,84.0
1721,WEST YELLOWSTONE MT,1994,5.9,1.3,4,<1.7,<3,0.5,12.9,3.4,7.5,10.4,0.7,66.0
1722,WEST YELLOWSTONE MT,1995,5.0,10.0,<3.1,<1.7,<3,<0.5,8.6,1.7,5.6,10.9,0.9,107.0
1723,WEST YELLOWSTONE MT,1996,5.4,4.0,4,<1.7,1.7,4.1,5.2,2,4.2,7.9,1.1,89.0
1724,WEST YELLOWSTONE MT,1997,5.2,6.3,<3.1,<1.7,,0.5,3.5,<1.1,2.7,4.1,0.9,152.0
1725,WEST YELLOWSTONE MT,1998,5.0,10.0,3,0.8,3,<0.5,9.1,2.5,6,13.2,0.8,74.0
1726,WEST YELLOWSTONE MT,1999,5.4,4.0,4,0.8,1.7,0.6,10.9,1.7,5,8.5,0.8,127.0
1727,WEST YELLOWSTONE MT,2000,5.3,5.0,7.5,2.5,1.3,0.9,8.9,1.1,5.6,11.1,,64.0
1728,WEST YELLOWSTONE MT,2001,5.1,7.9,4.5,0.8,1.4,0.6,13.6,1.1,7.5,18.6,0.9,56.0
1729,WEST YELLOWSTONE MT,2002,5.4,4.0,3.5,0.8,1.7,0.6,10.4,0.8,5.6,10.7,0.33,91.0
1730,WEST YELLOWSTONE MT,2003,5.6,2.5,9,2.5,2.9,1.5,14,2,7.3,12.4,0.67,81.0
1731,WEST YELLOWSTONE MT,2004,5.2,6.3,5,1.2,1.8,0.8,7.4,1.4,4.8,11.7,1.03,89.0
1732,WEST YELLOWSTONE MT,2005,5.4,4.0,1,<0.2,<1,0.5,8.9,0.8,3.7,8.6,0.3,61.0
1733,WEST YELLOWSTONE MT,2006,5.6,2.5,<0.4,<0.2,<1,0.4,8.5,1.1,2.9,7.5,0.48,102.0
1734,WEST YELLOWSTONE MT,2007,6.1,0.8,10.8,1.4,2,0.7,10.7,1.7,5.4,9.4,0.66,84.0
1735,WEST YELLOWSTONE MT,2008,5.6,2.5,5.5,0.8,1.3,<0.4,10.2,1.7,3.1,8.8,0.39,112.0
1736,WEST YELLOWSTONE MT,2009,5.5,3.2,3,0.8,1.3,0.7,7.8,1.1,2.7,7.9,0.74,69.0
1737,WEST YELLOWSTONE MT,2010,5.1,7.9,5,1.6,2.1,<0.4,10.3,1.7,4.4,11.6,0.49,56.0
1738,WEST YELLOWSTONE MT,2011,5.8,1.6,5.6,1.9,2.9,1.7,9.6,2.3,3.7,7,2.36,117.0
1739,WEST YELLOWSTONE MT,2012,5.5,3.2,15.5,3.3,6.1,1.8,12,3.2,5.8,7.1,1.3,86.0
1745,WOLF CREEK PASS CO,1993,4.9,12.6,<3.1,2,<3,<0.5,2.9,<1.1,9.6,6.3,0.3,295.0
1746,WOLF CREEK PASS CO,1994,5.1,7.9,10.5,<1.7,<3,2,5.4,3.4,<0.6,11.2,1.1,170.0
1747,WOLF CREEK PASS CO,1995,5.1,7.9,8.5,<1.7,<3,<0.5,4.9,<1.1,9.2,9.6,0.8,287.0
1748,WOLF CREEK PASS CO,1996,6.1,0.8,27.8,2.6,3.5,1.3,3.5,2.5,12.3,12.7,0.6,196.0
1749,WOLF CREEK PASS CO,1997,6.0,1.0,18.4,1.9,,0.5,3.5,1.7,8.1,8.6,0.9,290.0
1750,WOLF CREEK PASS CO,1998,5.2,6.3,12.5,2.5,3.5,0.5,3.8,1.7,9.2,9.5,0.4,175.0
1751,WOLF CREEK PASS CO,1999,5.6,2.5,17.4,2.5,2.7,3.2,5.9,2,11.5,10.1,1.2,178.0
1752,WOLF CREEK PASS CO,2000,5.2,6.3,12,2.5,2.8,1.2,4.9,1.7,9,13,0.9,142.0
1753,WOLF CREEK PASS CO,2001,5.2,6.3,7.5,1.6,1.4,2,5.3,<0.6,9,11.1,0.9,239.0
1754,WOLF CREEK PASS CO,2002,5.9,1.3,22.9,3.3,2.6,3.2,3.7,2.3,8.1,15.4,1.2,117.0
1755,WOLF CREEK PASS CO,2003,5.7,2.0,18.4,3.3,4,3.8,4.4,2,9.8,10.9,1.16,198.0
1756,WOLF CREEK PASS CO,2004,5.3,5.0,7.1,2,<1,5.2,7.9,2,9.2,11.4,1.44,188.0
1757,WOLF CREEK PASS CO,2005,5.2,6.3,4,0.8,1,0.5,3.2,1.1,5.8,7.4,0.29,323.0
1758,WOLF CREEK PASS CO,2006,5.5,3.2,14.4,2.5,3.7,1.1,7.6,3.4,9.4,15.8,0.52,211.0
1759,WOLF CREEK PASS CO,2007,5.7,2.0,29.1,3.3,3.2,1.8,4.2,2.8,10,11.4,0.76,178.0
1760,WOLF CREEK PASS CO,2008,5.2,6.3,12.9,1.6,1.7,0.7,3.4,1.1,4.8,8.4,0.34,264.0
1761,WOLF CREEK PASS CO,2009,6.3,0.5,24.9,2.5,2.2,1.5,5,1.7,8.3,9.3,0.71,178.0
1762,WOLF CREEK PASS CO,2010,5.4,4.0,8,1.6,1.5,0.6,5,1.1,5.2,9.3,0.31,272.0
1763,WOLF CREEK PASS CO,2011,6.0,1.0,15.2,2.9,2.4,1.9,7.9,1.4,7.7,10.7,1.17,249.0
1764,WOLF CREEK PASS CO,2012,5.6,2.5,25.4,4.1,3,3.3,<1.1,2.4,7.3,8.7,1.2,173.0
1765,WOLF CREEK PASS CO,2013,5.5,3.2,13,4.1,1.3,5.1,5.7,2.3,4.8,7.9,1.3,165.0
1766,WOLF CREEK PASS CO,2014,6.5,0.3,21,4.1,2.9,2.6,6.3,2.8,6.9,9.9,0.58,198.0
1767,WOLF CREEK PASS CO,2015,5.6,2.5,7.6,1.2,1.7,1,5.7,1.7,4.4,6.9,0.38,160.0
1768,WOLF CREEK PASS CO,2016,5.7,2.0,15.9,2.5,2.2,2,5.2,2.3,5.2,8,0.58,163.0
1769,WOLF CREEK PASS CO,2017,5.3,5.0,4,0.8,0.4,0.6,3,0.8,3.3,4.8,0.26,244.0
1770,WOLF CREEK PASS CO,2018,6.4,0.4,24.9,3.5,2.3,1.5,9,2,7.7,9.4,0.62,198.0
